🚀 [23:10:50] BẮT ĐẦU QUY TRÌNH DEPLOY LANDING PAGE
📝 File log trận này: logs/deploy_20260705_231050.log
--------------------------------------------------------
📦 [1/4] Đang build dự án Next.js (Standalone mode) trên máy thật...

> next-cadsquad@0.1.0 build
> next build

   ▲ Next.js 15.3.9
   - Environments: .env

   Creating an optimized production build ...
(node:75012) [DEP0205] DeprecationWarning: `module.register()` is deprecated. Use `module.registerHooks()` instead.
(Use `node --trace-deprecation ...` to show where the warning was created)
(node:75012) [MODULE_TYPELESS_PACKAGE_JSON] Warning: Module type of file:///Users/duongcao/Documents/00.%20Project/cadsquad.vn/src/lib/hero.ts?id=1783267854456 is not specified and it doesn't parse as CommonJS.
Reparsing as ES module because module syntax was detected. This incurs a performance overhead.
To eliminate this warning, add "type": "module" to /Users/duongcao/Documents/00. Project/cadsquad.vn/package.json.
(Use `node --trace-warnings ...` to show where the warning was created)
 ✓ Compiled successfully in 4.0s
   Linting and checking validity of types ...
   Collecting page data ...
   Generating static pages (0/9) ...
   Generating static pages (2/9) 
   Generating static pages (4/9) 
   Generating static pages (6/9) 
 ✓ Generating static pages (9/9)
   Finalizing page optimization ...
   Collecting build traces ...

Route (app)                                 Size  First Load JS
┌ ○ /_not-found                            992 B         103 kB
├ ƒ /[locale]                            31.5 kB         397 kB
├ ƒ /[locale]/[...rest]                    999 B         495 kB
├ ƒ /[locale]/about-us                   8.94 kB         281 kB
├ ƒ /[locale]/about-us/overview            732 B         108 kB
├ ƒ /[locale]/about-us/vision            4.15 kB         227 kB
├ ƒ /[locale]/academy                    4.76 kB         170 kB
├ ƒ /[locale]/cad-services               2.35 kB         343 kB
├ ƒ /[locale]/cad-services/[slug]          183 B         358 kB
├ ƒ /[locale]/digital-service            2.36 kB         343 kB
├ ƒ /[locale]/digital-service/[slug]       183 B         358 kB
├ ƒ /[locale]/digital-services           2.36 kB         343 kB
├ ƒ /[locale]/digital-services/[slug]      182 B         358 kB
├ ƒ /[locale]/news-and-media             28.1 kB         293 kB
├ ƒ /[locale]/news-and-media/[slug]        28 kB         304 kB
├ ƒ /[locale]/news-and-media/all-posts     154 B         102 kB
├ ƒ /api/posts                             154 B         102 kB
├ ƒ /api/send                              154 B         102 kB
├ ○ /manifest.json                           0 B            0 B
├ ○ /robots.txt                              0 B            0 B
├ ○ /sitemap.xml                             0 B            0 B
└ ƒ /sites/default/files/[...file]         154 B         102 kB
+ First Load JS shared by all             102 kB
  ├ chunks/1684-b7b996569405d575.js      46.7 kB
  ├ chunks/4bd1b696-a1ca93b2cda8516d.js  53.2 kB
  └ other shared chunks (total)          2.05 kB


ƒ Middleware                             44.7 kB

○  (Static)   prerendered as static content
ƒ  (Dynamic)  server-rendered on demand

📦 [2/4] Đang gom public, static vào thư mục standalone và nén...
🚚 [3/4] Đang copy file deploy.tar.gz lên VPS...
🔄 [4/4] Đang kết nối SSH vào VPS để giải nén và cập nhật...
--------------------------------------------------------
🔹 Đang giải nén code mới đè lên code cũ...
tar: Ignoring unknown extended header keyword 'LIBARCHIVE.xattr.com.apple.provenance'
tar: Ignoring unknown extended header keyword 'LIBARCHIVE.xattr.com.apple.provenance'
tar: Ignoring unknown extended header keyword 'LIBARCHIVE.xattr.com.apple.provenance'
tar: Ignoring unknown extended header keyword 'LIBARCHIVE.xattr.com.apple.provenance'
tar: Ignoring unknown extended header keyword 'LIBARCHIVE.xattr.com.apple.provenance'
tar: Ignoring unknown extended header keyword 'LIBARCHIVE.xattr.com.apple.provenance'
tar: Ignoring unknown extended header keyword 'LIBARCHIVE.xattr.com.apple.provenance'
tar: Ignoring unknown extended header keyword 'LIBARCHIVE.xattr.com.apple.provenance'
tar: Ignoring unknown extended header keyword 'LIBARCHIVE.xattr.com.apple.provenance'
tar: Ignoring unknown extended header keyword 'LIBARCHIVE.xattr.com.apple.provenance'
tar: Ignoring unknown extended header keyword 'LIBARCHIVE.xattr.com.apple.provenance'
tar: Ignoring unknown extended header keyword 'LIBARCHIVE.xattr.com.apple.provenance'
tar: Ignoring unknown extended header keyword 'LIBARCHIVE.xattr.com.apple.provenance'
tar: Ignoring unknown extended header keyword 'LIBARCHIVE.xattr.com.apple.provenance'
tar: Ignoring unknown extended header keyword 'LIBARCHIVE.xattr.com.apple.provenance'
tar: Ignoring unknown extended header keyword 'LIBARCHIVE.xattr.com.apple.provenance'
tar: Ignoring unknown extended header keyword 'LIBARCHIVE.xattr.com.apple.provenance'
tar: Ignoring unknown extended header keyword 'LIBARCHIVE.xattr.com.apple.provenance'
tar: Ignoring unknown extended header keyword 'LIBARCHIVE.xattr.com.apple.provenance'
tar: Ignoring unknown extended header keyword 'LIBARCHIVE.xattr.com.apple.provenance'
tar: Ignoring unknown extended header keyword 'LIBARCHIVE.xattr.com.apple.provenance'
tar: Ignoring unknown extended header keyword 'LIBARCHIVE.xattr.com.apple.provenance'
tar: Ignoring unknown extended header keyword 'LIBARCHIVE.xattr.com.apple.provenance'
tar: Ignoring unknown extended header keyword 'LIBARCHIVE.xattr.com.apple.provenance'
tar: Ignoring unknown extended header keyword 'LIBARCHIVE.xattr.com.apple.provenance'
tar: Ignoring unknown extended header keyword 'LIBARCHIVE.xattr.com.apple.provenance'
tar: Ignoring unknown extended header keyword 'LIBARCHIVE.xattr.com.apple.provenance'
tar: Ignoring unknown extended header keyword 'LIBARCHIVE.xattr.com.apple.provenance'
tar: Ignoring unknown extended header keyword 'LIBARCHIVE.xattr.com.apple.provenance'
tar: Ignoring unknown extended header keyword 'LIBARCHIVE.xattr.com.apple.provenance'
tar: Ignoring unknown extended header keyword 'LIBARCHIVE.xattr.com.apple.provenance'
tar: Ignoring unknown extended header keyword 'LIBARCHIVE.xattr.com.apple.provenance'
tar: Ignoring unknown extended header keyword 'LIBARCHIVE.xattr.com.apple.provenance'
tar: Ignoring unknown extended header keyword 'LIBARCHIVE.xattr.com.apple.provenance'
tar: Ignoring unknown extended header keyword 'LIBARCHIVE.xattr.com.apple.provenance'
tar: Ignoring unknown extended header keyword 'LIBARCHIVE.xattr.com.apple.provenance'
tar: Ignoring unknown extended header keyword 'LIBARCHIVE.xattr.com.apple.provenance'
tar: Ignoring unknown extended header keyword 'LIBARCHIVE.xattr.com.apple.provenance'
tar: Ignoring unknown extended header keyword 'LIBARCHIVE.xattr.com.apple.provenance'
tar: Ignoring unknown extended header keyword 'LIBARCHIVE.xattr.com.apple.provenance'
tar: Ignoring unknown extended header keyword 'LIBARCHIVE.xattr.com.apple.provenance'
tar: Ignoring unknown extended header keyword 'LIBARCHIVE.xattr.com.apple.provenance'
tar: Ignoring unknown extended header keyword 'LIBARCHIVE.xattr.com.apple.provenance'
tar: Ignoring unknown extended header keyword 'LIBARCHIVE.xattr.com.apple.provenance'
tar: Ignoring unknown extended header keyword 'LIBARCHIVE.xattr.com.apple.provenance'
tar: Ignoring unknown extended header keyword 'LIBARCHIVE.xattr.com.apple.provenance'
tar: Ignoring unknown extended header keyword 'LIBARCHIVE.xattr.com.apple.provenance'
tar: Ignoring unknown extended header keyword 'LIBARCHIVE.xattr.com.apple.provenance'
tar: Ignoring unknown extended header keyword 'LIBARCHIVE.xattr.com.apple.provenance'
tar: Ignoring unknown extended header keyword 'LIBARCHIVE.xattr.com.apple.provenance'
tar: Ignoring unknown extended header keyword 'LIBARCHIVE.xattr.com.apple.provenance'
tar: Ignoring unknown extended header keyword 'LIBARCHIVE.xattr.com.apple.provenance'
tar: Ignoring unknown extended header keyword 'LIBARCHIVE.xattr.com.apple.provenance'
tar: Ignoring unknown extended header keyword 'LIBARCHIVE.xattr.com.apple.provenance'
tar: Ignoring unknown extended header keyword 'LIBARCHIVE.xattr.com.apple.provenance'
tar: Ignoring unknown extended header keyword 'LIBARCHIVE.xattr.com.apple.provenance'
tar: Ignoring unknown extended header keyword 'LIBARCHIVE.xattr.com.apple.provenance'
tar: Ignoring unknown extended header keyword 'LIBARCHIVE.xattr.com.apple.provenance'
tar: Ignoring unknown extended header keyword 'LIBARCHIVE.xattr.com.apple.provenance'
tar: Ignoring unknown extended header keyword 'LIBARCHIVE.xattr.com.apple.provenance'
tar: Ignoring unknown extended header keyword 'LIBARCHIVE.xattr.com.apple.provenance'
tar: Ignoring unknown extended header keyword 'LIBARCHIVE.xattr.com.apple.provenance'
tar: Ignoring unknown extended header keyword 'LIBARCHIVE.xattr.com.apple.provenance'
tar: Ignoring unknown extended header keyword 'LIBARCHIVE.xattr.com.apple.provenance'
tar: Ignoring unknown extended header keyword 'LIBARCHIVE.xattr.com.apple.provenance'
tar: Ignoring unknown extended header keyword 'LIBARCHIVE.xattr.com.apple.provenance'
tar: Ignoring unknown extended header keyword 'LIBARCHIVE.xattr.com.apple.provenance'
tar: Ignoring unknown extended header keyword 'LIBARCHIVE.xattr.com.apple.provenance'
tar: Ignoring unknown extended header keyword 'LIBARCHIVE.xattr.com.apple.provenance'
tar: Ignoring unknown extended header keyword 'LIBARCHIVE.xattr.com.apple.provenance'
tar: Ignoring unknown extended header keyword 'LIBARCHIVE.xattr.com.apple.provenance'
tar: Ignoring unknown extended header keyword 'LIBARCHIVE.xattr.com.apple.provenance'
tar: Ignoring unknown extended header keyword 'LIBARCHIVE.xattr.com.apple.provenance'
tar: Ignoring unknown extended header keyword 'LIBARCHIVE.xattr.com.apple.provenance'
tar: Ignoring unknown extended header keyword 'LIBARCHIVE.xattr.com.apple.provenance'
tar: Ignoring unknown extended header keyword 'LIBARCHIVE.xattr.com.apple.provenance'
tar: Ignoring unknown extended header keyword 'LIBARCHIVE.xattr.com.apple.provenance'
tar: Ignoring unknown extended header keyword 'LIBARCHIVE.xattr.com.apple.provenance'
tar: Ignoring unknown extended header keyword 'LIBARCHIVE.xattr.com.apple.provenance'
tar: Ignoring unknown extended header keyword 'LIBARCHIVE.xattr.com.apple.provenance'
tar: Ignoring unknown extended header keyword 'LIBARCHIVE.xattr.com.apple.provenance'
tar: Ignoring unknown extended header keyword 'LIBARCHIVE.xattr.com.apple.provenance'
tar: Ignoring unknown extended header keyword 'LIBARCHIVE.xattr.com.apple.provenance'
tar: Ignoring unknown extended header keyword 'LIBARCHIVE.xattr.com.apple.provenance'
tar: Ignoring unknown extended header keyword 'LIBARCHIVE.xattr.com.apple.provenance'
tar: Ignoring unknown extended header keyword 'LIBARCHIVE.xattr.com.apple.provenance'
tar: Ignoring unknown extended header keyword 'LIBARCHIVE.xattr.com.apple.provenance'
tar: Ignoring unknown extended header keyword 'LIBARCHIVE.xattr.com.apple.provenance'
tar: Ignoring unknown extended header keyword 'LIBARCHIVE.xattr.com.apple.provenance'
tar: Ignoring unknown extended header keyword 'LIBARCHIVE.xattr.com.apple.provenance'
tar: Ignoring unknown extended header keyword 'LIBARCHIVE.xattr.com.apple.provenance'
tar: Ignoring unknown extended header keyword 'LIBARCHIVE.xattr.com.apple.provenance'
tar: Ignoring unknown extended header keyword 'LIBARCHIVE.xattr.com.apple.provenance'
tar: Ignoring unknown extended header keyword 'LIBARCHIVE.xattr.com.apple.provenance'
tar: Ignoring unknown extended header keyword 'LIBARCHIVE.xattr.com.apple.provenance'
tar: Ignoring unknown extended header keyword 'LIBARCHIVE.xattr.com.apple.provenance'
tar: Ignoring unknown extended header keyword 'LIBARCHIVE.xattr.com.apple.provenance'
tar: Ignoring unknown extended header keyword 'LIBARCHIVE.xattr.com.apple.provenance'
tar: Ignoring unknown extended header keyword 'LIBARCHIVE.xattr.com.apple.provenance'
tar: Ignoring unknown extended header keyword 'LIBARCHIVE.xattr.com.apple.provenance'
tar: Ignoring unknown extended header keyword 'LIBARCHIVE.xattr.com.apple.provenance'
tar: Ignoring unknown extended header keyword 'LIBARCHIVE.xattr.com.apple.provenance'
tar: Ignoring unknown extended header keyword 'LIBARCHIVE.xattr.com.apple.provenance'
tar: Ignoring unknown extended header keyword 'LIBARCHIVE.xattr.com.apple.provenance'
tar: Ignoring unknown extended header keyword 'LIBARCHIVE.xattr.com.apple.provenance'
tar: Ignoring unknown extended header keyword 'LIBARCHIVE.xattr.com.apple.provenance'
tar: Ignoring unknown extended header keyword 'LIBARCHIVE.xattr.com.apple.provenance'
tar: Ignoring unknown extended header keyword 'LIBARCHIVE.xattr.com.apple.provenance'
tar: Ignoring unknown extended header keyword 'LIBARCHIVE.xattr.com.apple.provenance'
tar: Ignoring unknown extended header keyword 'LIBARCHIVE.xattr.com.apple.provenance'
tar: Ignoring unknown extended header keyword 'LIBARCHIVE.xattr.com.apple.provenance'
tar: Ignoring unknown extended header keyword 'LIBARCHIVE.xattr.com.apple.provenance'
tar: Ignoring unknown extended header keyword 'LIBARCHIVE.xattr.com.apple.provenance'
tar: Ignoring unknown extended header keyword 'LIBARCHIVE.xattr.com.apple.provenance'
tar: Ignoring unknown extended header keyword 'LIBARCHIVE.xattr.com.apple.provenance'
tar: Ignoring unknown extended header keyword 'LIBARCHIVE.xattr.com.apple.provenance'
tar: Ignoring unknown extended header keyword 'LIBARCHIVE.xattr.com.apple.provenance'
tar: Ignoring unknown extended header keyword 'LIBARCHIVE.xattr.com.apple.provenance'
tar: Ignoring unknown extended header keyword 'LIBARCHIVE.xattr.com.apple.provenance'
tar: Ignoring unknown extended header keyword 'LIBARCHIVE.xattr.com.apple.provenance'
tar: Ignoring unknown extended header keyword 'LIBARCHIVE.xattr.com.apple.provenance'
tar: Ignoring unknown extended header keyword 'LIBARCHIVE.xattr.com.apple.provenance'
tar: Ignoring unknown extended header keyword 'LIBARCHIVE.xattr.com.apple.provenance'
tar: Ignoring unknown extended header keyword 'LIBARCHIVE.xattr.com.apple.provenance'
tar: Ignoring unknown extended header keyword 'LIBARCHIVE.xattr.com.apple.provenance'
tar: Ignoring unknown extended header keyword 'LIBARCHIVE.xattr.com.apple.provenance'
tar: Ignoring unknown extended header keyword 'LIBARCHIVE.xattr.com.apple.provenance'
tar: Ignoring unknown extended header keyword 'LIBARCHIVE.xattr.com.apple.provenance'
tar: Ignoring unknown extended header keyword 'LIBARCHIVE.xattr.com.apple.provenance'
tar: Ignoring unknown extended header keyword 'LIBARCHIVE.xattr.com.apple.provenance'
tar: Ignoring unknown extended header keyword 'LIBARCHIVE.xattr.com.apple.provenance'
tar: Ignoring unknown extended header keyword 'LIBARCHIVE.xattr.com.apple.provenance'
tar: Ignoring unknown extended header keyword 'LIBARCHIVE.xattr.com.apple.provenance'
tar: Ignoring unknown extended header keyword 'LIBARCHIVE.xattr.com.apple.provenance'
tar: Ignoring unknown extended header keyword 'LIBARCHIVE.xattr.com.apple.provenance'
tar: Ignoring unknown extended header keyword 'LIBARCHIVE.xattr.com.apple.provenance'
tar: Ignoring unknown extended header keyword 'LIBARCHIVE.xattr.com.apple.provenance'
tar: Ignoring unknown extended header keyword 'LIBARCHIVE.xattr.com.apple.provenance'
tar: Ignoring unknown extended header keyword 'LIBARCHIVE.xattr.com.apple.provenance'
tar: Ignoring unknown extended header keyword 'LIBARCHIVE.xattr.com.apple.provenance'
tar: Ignoring unknown extended header keyword 'LIBARCHIVE.xattr.com.apple.provenance'
tar: Ignoring unknown extended header keyword 'LIBARCHIVE.xattr.com.apple.provenance'
tar: Ignoring unknown extended header keyword 'LIBARCHIVE.xattr.com.apple.provenance'
tar: Ignoring unknown extended header keyword 'LIBARCHIVE.xattr.com.apple.provenance'
tar: Ignoring unknown extended header keyword 'LIBARCHIVE.xattr.com.apple.provenance'
tar: Ignoring unknown extended header keyword 'LIBARCHIVE.xattr.com.apple.provenance'
tar: Ignoring unknown extended header keyword 'LIBARCHIVE.xattr.com.apple.provenance'
tar: Ignoring unknown extended header keyword 'LIBARCHIVE.xattr.com.apple.provenance'
tar: Ignoring unknown extended header keyword 'LIBARCHIVE.xattr.com.apple.provenance'
tar: Ignoring unknown extended header keyword 'LIBARCHIVE.xattr.com.apple.provenance'
tar: Ignoring unknown extended header keyword 'LIBARCHIVE.xattr.com.apple.provenance'
tar: Ignoring unknown extended header keyword 'LIBARCHIVE.xattr.com.apple.provenance'
tar: Ignoring unknown extended header keyword 'LIBARCHIVE.xattr.com.apple.provenance'
tar: Ignoring unknown extended header keyword 'LIBARCHIVE.xattr.com.apple.provenance'
tar: Ignoring unknown extended header keyword 'LIBARCHIVE.xattr.com.apple.provenance'
tar: Ignoring unknown extended header keyword 'LIBARCHIVE.xattr.com.apple.provenance'
tar: Ignoring unknown extended header keyword 'LIBARCHIVE.xattr.com.apple.provenance'
tar: Ignoring unknown extended header keyword 'LIBARCHIVE.xattr.com.apple.provenance'
tar: Ignoring unknown extended header keyword 'LIBARCHIVE.xattr.com.apple.provenance'
tar: Ignoring unknown extended header keyword 'LIBARCHIVE.xattr.com.apple.provenance'
tar: Ignoring unknown extended header keyword 'LIBARCHIVE.xattr.com.apple.provenance'
tar: Ignoring unknown extended header keyword 'LIBARCHIVE.xattr.com.apple.provenance'
tar: Ignoring unknown extended header keyword 'LIBARCHIVE.xattr.com.apple.provenance'
tar: Ignoring unknown extended header keyword 'LIBARCHIVE.xattr.com.apple.provenance'
tar: Ignoring unknown extended header keyword 'LIBARCHIVE.xattr.com.apple.provenance'
tar: Ignoring unknown extended header keyword 'LIBARCHIVE.xattr.com.apple.provenance'
tar: Ignoring unknown extended header keyword 'LIBARCHIVE.xattr.com.apple.provenance'
tar: Ignoring unknown extended header keyword 'LIBARCHIVE.xattr.com.apple.provenance'
tar: Ignoring unknown extended header keyword 'LIBARCHIVE.xattr.com.apple.provenance'
tar: Ignoring unknown extended header keyword 'LIBARCHIVE.xattr.com.apple.provenance'
tar: Ignoring unknown extended header keyword 'LIBARCHIVE.xattr.com.apple.provenance'
tar: Ignoring unknown extended header keyword 'LIBARCHIVE.xattr.com.apple.provenance'
tar: Ignoring unknown extended header keyword 'LIBARCHIVE.xattr.com.apple.provenance'
tar: Ignoring unknown extended header keyword 'LIBARCHIVE.xattr.com.apple.provenance'
tar: Ignoring unknown extended header keyword 'LIBARCHIVE.xattr.com.apple.provenance'
tar: Ignoring unknown extended header keyword 'LIBARCHIVE.xattr.com.apple.provenance'
tar: Ignoring unknown extended header keyword 'LIBARCHIVE.xattr.com.apple.provenance'
tar: Ignoring unknown extended header keyword 'LIBARCHIVE.xattr.com.apple.provenance'
tar: Ignoring unknown extended header keyword 'LIBARCHIVE.xattr.com.apple.provenance'
tar: Ignoring unknown extended header keyword 'LIBARCHIVE.xattr.com.apple.provenance'
tar: Ignoring unknown extended header keyword 'LIBARCHIVE.xattr.com.apple.provenance'
tar: Ignoring unknown extended header keyword 'LIBARCHIVE.xattr.com.apple.provenance'
tar: Ignoring unknown extended header keyword 'LIBARCHIVE.xattr.com.apple.provenance'
tar: Ignoring unknown extended header keyword 'LIBARCHIVE.xattr.com.apple.provenance'
tar: Ignoring unknown extended header keyword 'LIBARCHIVE.xattr.com.apple.provenance'
tar: Ignoring unknown extended header keyword 'LIBARCHIVE.xattr.com.apple.provenance'
tar: Ignoring unknown extended header keyword 'LIBARCHIVE.xattr.com.apple.provenance'
tar: Ignoring unknown extended header keyword 'LIBARCHIVE.xattr.com.apple.provenance'
tar: Ignoring unknown extended header keyword 'LIBARCHIVE.xattr.com.apple.provenance'
tar: Ignoring unknown extended header keyword 'LIBARCHIVE.xattr.com.apple.provenance'
tar: Ignoring unknown extended header keyword 'LIBARCHIVE.xattr.com.apple.provenance'
tar: Ignoring unknown extended header keyword 'LIBARCHIVE.xattr.com.apple.provenance'
tar: Ignoring unknown extended header keyword 'LIBARCHIVE.xattr.com.apple.provenance'
tar: Ignoring unknown extended header keyword 'LIBARCHIVE.xattr.com.apple.provenance'
tar: Ignoring unknown extended header keyword 'LIBARCHIVE.xattr.com.apple.provenance'
tar: Ignoring unknown extended header keyword 'LIBARCHIVE.xattr.com.apple.provenance'
tar: Ignoring unknown extended header keyword 'LIBARCHIVE.xattr.com.apple.provenance'
tar: Ignoring unknown extended header keyword 'LIBARCHIVE.xattr.com.apple.provenance'
tar: Ignoring unknown extended header keyword 'LIBARCHIVE.xattr.com.apple.provenance'
tar: Ignoring unknown extended header keyword 'LIBARCHIVE.xattr.com.apple.provenance'
tar: Ignoring unknown extended header keyword 'LIBARCHIVE.xattr.com.apple.provenance'
tar: Ignoring unknown extended header keyword 'LIBARCHIVE.xattr.com.apple.provenance'
tar: Ignoring unknown extended header keyword 'LIBARCHIVE.xattr.com.apple.provenance'
tar: Ignoring unknown extended header keyword 'LIBARCHIVE.xattr.com.apple.provenance'
tar: Ignoring unknown extended header keyword 'LIBARCHIVE.xattr.com.apple.provenance'
tar: Ignoring unknown extended header keyword 'LIBARCHIVE.xattr.com.apple.provenance'
tar: Ignoring unknown extended header keyword 'LIBARCHIVE.xattr.com.apple.provenance'
tar: Ignoring unknown extended header keyword 'LIBARCHIVE.xattr.com.apple.provenance'
tar: Ignoring unknown extended header keyword 'LIBARCHIVE.xattr.com.apple.provenance'
tar: Ignoring unknown extended header keyword 'LIBARCHIVE.xattr.com.apple.provenance'
tar: Ignoring unknown extended header keyword 'LIBARCHIVE.xattr.com.apple.provenance'
tar: Ignoring unknown extended header keyword 'LIBARCHIVE.xattr.com.apple.provenance'
tar: Ignoring unknown extended header keyword 'LIBARCHIVE.xattr.com.apple.provenance'
tar: Ignoring unknown extended header keyword 'LIBARCHIVE.xattr.com.apple.provenance'
tar: Ignoring unknown extended header keyword 'LIBARCHIVE.xattr.com.apple.provenance'
tar: Ignoring unknown extended header keyword 'LIBARCHIVE.xattr.com.apple.provenance'
tar: Ignoring unknown extended header keyword 'LIBARCHIVE.xattr.com.apple.provenance'
tar: Ignoring unknown extended header keyword 'LIBARCHIVE.xattr.com.apple.provenance'
tar: Ignoring unknown extended header keyword 'LIBARCHIVE.xattr.com.apple.provenance'
tar: Ignoring unknown extended header keyword 'LIBARCHIVE.xattr.com.apple.provenance'
tar: Ignoring unknown extended header keyword 'LIBARCHIVE.xattr.com.apple.provenance'
tar: Ignoring unknown extended header keyword 'LIBARCHIVE.xattr.com.apple.provenance'
tar: Ignoring unknown extended header keyword 'LIBARCHIVE.xattr.com.apple.provenance'
tar: Ignoring unknown extended header keyword 'LIBARCHIVE.xattr.com.apple.provenance'
tar: Ignoring unknown extended header keyword 'LIBARCHIVE.xattr.com.apple.provenance'
tar: Ignoring unknown extended header keyword 'LIBARCHIVE.xattr.com.apple.provenance'
tar: Ignoring unknown extended header keyword 'LIBARCHIVE.xattr.com.apple.provenance'
tar: Ignoring unknown extended header keyword 'LIBARCHIVE.xattr.com.apple.provenance'
tar: Ignoring unknown extended header keyword 'LIBARCHIVE.xattr.com.apple.provenance'
tar: Ignoring unknown extended header keyword 'LIBARCHIVE.xattr.com.apple.provenance'
tar: Ignoring unknown extended header keyword 'LIBARCHIVE.xattr.com.apple.provenance'
tar: Ignoring unknown extended header keyword 'LIBARCHIVE.xattr.com.apple.provenance'
tar: Ignoring unknown extended header keyword 'LIBARCHIVE.xattr.com.apple.provenance'
tar: Ignoring unknown extended header keyword 'LIBARCHIVE.xattr.com.apple.provenance'
tar: Ignoring unknown extended header keyword 'LIBARCHIVE.xattr.com.apple.provenance'
tar: Ignoring unknown extended header keyword 'LIBARCHIVE.xattr.com.apple.provenance'
tar: Ignoring unknown extended header keyword 'LIBARCHIVE.xattr.com.apple.provenance'
tar: Ignoring unknown extended header keyword 'LIBARCHIVE.xattr.com.apple.provenance'
tar: Ignoring unknown extended header keyword 'LIBARCHIVE.xattr.com.apple.provenance'
tar: Ignoring unknown extended header keyword 'LIBARCHIVE.xattr.com.apple.provenance'
tar: Ignoring unknown extended header keyword 'LIBARCHIVE.xattr.com.apple.provenance'
tar: Ignoring unknown extended header keyword 'LIBARCHIVE.xattr.com.apple.provenance'
tar: Ignoring unknown extended header keyword 'LIBARCHIVE.xattr.com.apple.provenance'
tar: Ignoring unknown extended header keyword 'LIBARCHIVE.xattr.com.apple.provenance'
tar: Ignoring unknown extended header keyword 'LIBARCHIVE.xattr.com.apple.provenance'
tar: Ignoring unknown extended header keyword 'LIBARCHIVE.xattr.com.apple.provenance'
tar: Ignoring unknown extended header keyword 'LIBARCHIVE.xattr.com.apple.provenance'
tar: Ignoring unknown extended header keyword 'LIBARCHIVE.xattr.com.apple.provenance'
tar: Ignoring unknown extended header keyword 'LIBARCHIVE.xattr.com.apple.provenance'
tar: Ignoring unknown extended header keyword 'LIBARCHIVE.xattr.com.apple.provenance'
tar: Ignoring unknown extended header keyword 'LIBARCHIVE.xattr.com.apple.provenance'
tar: Ignoring unknown extended header keyword 'LIBARCHIVE.xattr.com.apple.provenance'
tar: Ignoring unknown extended header keyword 'LIBARCHIVE.xattr.com.apple.provenance'
tar: Ignoring unknown extended header keyword 'LIBARCHIVE.xattr.com.apple.provenance'
tar: Ignoring unknown extended header keyword 'LIBARCHIVE.xattr.com.apple.provenance'
tar: Ignoring unknown extended header keyword 'LIBARCHIVE.xattr.com.apple.provenance'
tar: Ignoring unknown extended header keyword 'LIBARCHIVE.xattr.com.apple.provenance'
tar: Ignoring unknown extended header keyword 'LIBARCHIVE.xattr.com.apple.provenance'
tar: Ignoring unknown extended header keyword 'LIBARCHIVE.xattr.com.apple.provenance'
tar: Ignoring unknown extended header keyword 'LIBARCHIVE.xattr.com.apple.provenance'
tar: Ignoring unknown extended header keyword 'LIBARCHIVE.xattr.com.apple.provenance'
tar: Ignoring unknown extended header keyword 'LIBARCHIVE.xattr.com.apple.provenance'
tar: Ignoring unknown extended header keyword 'LIBARCHIVE.xattr.com.apple.provenance'
tar: Ignoring unknown extended header keyword 'LIBARCHIVE.xattr.com.apple.provenance'
tar: Ignoring unknown extended header keyword 'LIBARCHIVE.xattr.com.apple.provenance'
tar: Ignoring unknown extended header keyword 'LIBARCHIVE.xattr.com.apple.provenance'
tar: Ignoring unknown extended header keyword 'LIBARCHIVE.xattr.com.apple.provenance'
tar: Ignoring unknown extended header keyword 'LIBARCHIVE.xattr.com.apple.provenance'
tar: Ignoring unknown extended header keyword 'LIBARCHIVE.xattr.com.apple.provenance'
tar: Ignoring unknown extended header keyword 'LIBARCHIVE.xattr.com.apple.provenance'
tar: Ignoring unknown extended header keyword 'LIBARCHIVE.xattr.com.apple.provenance'
tar: Ignoring unknown extended header keyword 'LIBARCHIVE.xattr.com.apple.provenance'
tar: Ignoring unknown extended header keyword 'LIBARCHIVE.xattr.com.apple.provenance'
tar: Ignoring unknown extended header keyword 'LIBARCHIVE.xattr.com.apple.provenance'
tar: Ignoring unknown extended header keyword 'LIBARCHIVE.xattr.com.apple.provenance'
tar: Ignoring unknown extended header keyword 'LIBARCHIVE.xattr.com.apple.provenance'
tar: Ignoring unknown extended header keyword 'LIBARCHIVE.xattr.com.apple.provenance'
tar: Ignoring unknown extended header keyword 'LIBARCHIVE.xattr.com.apple.provenance'
tar: Ignoring unknown extended header keyword 'LIBARCHIVE.xattr.com.apple.provenance'
tar: Ignoring unknown extended header keyword 'LIBARCHIVE.xattr.com.apple.provenance'
tar: Ignoring unknown extended header keyword 'LIBARCHIVE.xattr.com.apple.provenance'
tar: Ignoring unknown extended header keyword 'LIBARCHIVE.xattr.com.apple.provenance'
tar: Ignoring unknown extended header keyword 'LIBARCHIVE.xattr.com.apple.provenance'
tar: Ignoring unknown extended header keyword 'LIBARCHIVE.xattr.com.apple.provenance'
tar: Ignoring unknown extended header keyword 'LIBARCHIVE.xattr.com.apple.provenance'
tar: Ignoring unknown extended header keyword 'LIBARCHIVE.xattr.com.apple.provenance'
tar: Ignoring unknown extended header keyword 'LIBARCHIVE.xattr.com.apple.provenance'
tar: Ignoring unknown extended header keyword 'LIBARCHIVE.xattr.com.apple.provenance'
tar: Ignoring unknown extended header keyword 'LIBARCHIVE.xattr.com.apple.provenance'
tar: Ignoring unknown extended header keyword 'LIBARCHIVE.xattr.com.apple.provenance'
tar: Ignoring unknown extended header keyword 'LIBARCHIVE.xattr.com.apple.provenance'
tar: Ignoring unknown extended header keyword 'LIBARCHIVE.xattr.com.apple.provenance'
tar: Ignoring unknown extended header keyword 'LIBARCHIVE.xattr.com.apple.provenance'
tar: Ignoring unknown extended header keyword 'LIBARCHIVE.xattr.com.apple.provenance'
tar: Ignoring unknown extended header keyword 'LIBARCHIVE.xattr.com.apple.provenance'
tar: Ignoring unknown extended header keyword 'LIBARCHIVE.xattr.com.apple.provenance'
tar: Ignoring unknown extended header keyword 'LIBARCHIVE.xattr.com.apple.provenance'
tar: Ignoring unknown extended header keyword 'LIBARCHIVE.xattr.com.apple.provenance'
tar: Ignoring unknown extended header keyword 'LIBARCHIVE.xattr.com.apple.provenance'
tar: Ignoring unknown extended header keyword 'LIBARCHIVE.xattr.com.apple.provenance'
tar: Ignoring unknown extended header keyword 'LIBARCHIVE.xattr.com.apple.provenance'
tar: Ignoring unknown extended header keyword 'LIBARCHIVE.xattr.com.apple.provenance'
tar: Ignoring unknown extended header keyword 'LIBARCHIVE.xattr.com.apple.provenance'
tar: Ignoring unknown extended header keyword 'LIBARCHIVE.xattr.com.apple.provenance'
tar: Ignoring unknown extended header keyword 'LIBARCHIVE.xattr.com.apple.provenance'
tar: Ignoring unknown extended header keyword 'LIBARCHIVE.xattr.com.apple.provenance'
tar: Ignoring unknown extended header keyword 'LIBARCHIVE.xattr.com.apple.provenance'
tar: Ignoring unknown extended header keyword 'LIBARCHIVE.xattr.com.apple.provenance'
tar: Ignoring unknown extended header keyword 'LIBARCHIVE.xattr.com.apple.provenance'
tar: Ignoring unknown extended header keyword 'LIBARCHIVE.xattr.com.apple.provenance'
tar: Ignoring unknown extended header keyword 'LIBARCHIVE.xattr.com.apple.provenance'
tar: Ignoring unknown extended header keyword 'LIBARCHIVE.xattr.com.apple.provenance'
tar: Ignoring unknown extended header keyword 'LIBARCHIVE.xattr.com.apple.provenance'
tar: Ignoring unknown extended header keyword 'LIBARCHIVE.xattr.com.apple.provenance'
tar: Ignoring unknown extended header keyword 'LIBARCHIVE.xattr.com.apple.provenance'
tar: Ignoring unknown extended header keyword 'LIBARCHIVE.xattr.com.apple.provenance'
tar: Ignoring unknown extended header keyword 'LIBARCHIVE.xattr.com.apple.provenance'
tar: Ignoring unknown extended header keyword 'LIBARCHIVE.xattr.com.apple.provenance'
tar: Ignoring unknown extended header keyword 'LIBARCHIVE.xattr.com.apple.provenance'
tar: Ignoring unknown extended header keyword 'LIBARCHIVE.xattr.com.apple.provenance'
tar: Ignoring unknown extended header keyword 'LIBARCHIVE.xattr.com.apple.provenance'
tar: Ignoring unknown extended header keyword 'LIBARCHIVE.xattr.com.apple.provenance'
tar: Ignoring unknown extended header keyword 'LIBARCHIVE.xattr.com.apple.provenance'
tar: Ignoring unknown extended header keyword 'LIBARCHIVE.xattr.com.apple.provenance'
tar: Ignoring unknown extended header keyword 'LIBARCHIVE.xattr.com.apple.provenance'
tar: Ignoring unknown extended header keyword 'LIBARCHIVE.xattr.com.apple.provenance'
tar: Ignoring unknown extended header keyword 'LIBARCHIVE.xattr.com.apple.provenance'
tar: Ignoring unknown extended header keyword 'LIBARCHIVE.xattr.com.apple.provenance'
tar: Ignoring unknown extended header keyword 'LIBARCHIVE.xattr.com.apple.provenance'
tar: Ignoring unknown extended header keyword 'LIBARCHIVE.xattr.com.apple.provenance'
tar: Ignoring unknown extended header keyword 'LIBARCHIVE.xattr.com.apple.provenance'
tar: Ignoring unknown extended header keyword 'LIBARCHIVE.xattr.com.apple.provenance'
tar: Ignoring unknown extended header keyword 'LIBARCHIVE.xattr.com.apple.provenance'
tar: Ignoring unknown extended header keyword 'LIBARCHIVE.xattr.com.apple.provenance'
tar: Ignoring unknown extended header keyword 'LIBARCHIVE.xattr.com.apple.provenance'
tar: Ignoring unknown extended header keyword 'LIBARCHIVE.xattr.com.apple.provenance'
tar: Ignoring unknown extended header keyword 'LIBARCHIVE.xattr.com.apple.provenance'
tar: Ignoring unknown extended header keyword 'LIBARCHIVE.xattr.com.apple.provenance'
tar: Ignoring unknown extended header keyword 'LIBARCHIVE.xattr.com.apple.provenance'
tar: Ignoring unknown extended header keyword 'LIBARCHIVE.xattr.com.apple.provenance'
tar: Ignoring unknown extended header keyword 'LIBARCHIVE.xattr.com.apple.provenance'
tar: Ignoring unknown extended header keyword 'LIBARCHIVE.xattr.com.apple.provenance'
tar: Ignoring unknown extended header keyword 'LIBARCHIVE.xattr.com.apple.provenance'
tar: Ignoring unknown extended header keyword 'LIBARCHIVE.xattr.com.apple.provenance'
tar: Ignoring unknown extended header keyword 'LIBARCHIVE.xattr.com.apple.provenance'
tar: Ignoring unknown extended header keyword 'LIBARCHIVE.xattr.com.apple.provenance'
tar: Ignoring unknown extended header keyword 'LIBARCHIVE.xattr.com.apple.provenance'
tar: Ignoring unknown extended header keyword 'LIBARCHIVE.xattr.com.apple.provenance'
tar: Ignoring unknown extended header keyword 'LIBARCHIVE.xattr.com.apple.provenance'
tar: Ignoring unknown extended header keyword 'LIBARCHIVE.xattr.com.apple.provenance'
tar: Ignoring unknown extended header keyword 'LIBARCHIVE.xattr.com.apple.provenance'
tar: Ignoring unknown extended header keyword 'LIBARCHIVE.xattr.com.apple.provenance'
tar: Ignoring unknown extended header keyword 'LIBARCHIVE.xattr.com.apple.provenance'
tar: Ignoring unknown extended header keyword 'LIBARCHIVE.xattr.com.apple.provenance'
tar: Ignoring unknown extended header keyword 'LIBARCHIVE.xattr.com.apple.provenance'
tar: Ignoring unknown extended header keyword 'LIBARCHIVE.xattr.com.apple.provenance'
tar: Ignoring unknown extended header keyword 'LIBARCHIVE.xattr.com.apple.provenance'
tar: Ignoring unknown extended header keyword 'LIBARCHIVE.xattr.com.apple.provenance'
tar: Ignoring unknown extended header keyword 'LIBARCHIVE.xattr.com.apple.provenance'
tar: Ignoring unknown extended header keyword 'LIBARCHIVE.xattr.com.apple.provenance'
tar: Ignoring unknown extended header keyword 'LIBARCHIVE.xattr.com.apple.provenance'
tar: Ignoring unknown extended header keyword 'LIBARCHIVE.xattr.com.apple.provenance'
tar: Ignoring unknown extended header keyword 'LIBARCHIVE.xattr.com.apple.provenance'
tar: Ignoring unknown extended header keyword 'LIBARCHIVE.xattr.com.apple.provenance'
tar: Ignoring unknown extended header keyword 'LIBARCHIVE.xattr.com.apple.provenance'
tar: Ignoring unknown extended header keyword 'LIBARCHIVE.xattr.com.apple.provenance'
tar: Ignoring unknown extended header keyword 'LIBARCHIVE.xattr.com.apple.provenance'
tar: Ignoring unknown extended header keyword 'LIBARCHIVE.xattr.com.apple.provenance'
tar: Ignoring unknown extended header keyword 'LIBARCHIVE.xattr.com.apple.provenance'
tar: Ignoring unknown extended header keyword 'LIBARCHIVE.xattr.com.apple.provenance'
tar: Ignoring unknown extended header keyword 'LIBARCHIVE.xattr.com.apple.provenance'
tar: Ignoring unknown extended header keyword 'LIBARCHIVE.xattr.com.apple.provenance'
tar: Ignoring unknown extended header keyword 'LIBARCHIVE.xattr.com.apple.provenance'
tar: Ignoring unknown extended header keyword 'LIBARCHIVE.xattr.com.apple.provenance'
tar: Ignoring unknown extended header keyword 'LIBARCHIVE.xattr.com.apple.provenance'
tar: Ignoring unknown extended header keyword 'LIBARCHIVE.xattr.com.apple.provenance'
tar: Ignoring unknown extended header keyword 'LIBARCHIVE.xattr.com.apple.provenance'
tar: Ignoring unknown extended header keyword 'LIBARCHIVE.xattr.com.apple.provenance'
tar: Ignoring unknown extended header keyword 'LIBARCHIVE.xattr.com.apple.provenance'
tar: Ignoring unknown extended header keyword 'LIBARCHIVE.xattr.com.apple.provenance'
tar: Ignoring unknown extended header keyword 'LIBARCHIVE.xattr.com.apple.provenance'
tar: Ignoring unknown extended header keyword 'LIBARCHIVE.xattr.com.apple.provenance'
tar: Ignoring unknown extended header keyword 'LIBARCHIVE.xattr.com.apple.provenance'
tar: Ignoring unknown extended header keyword 'LIBARCHIVE.xattr.com.apple.provenance'
tar: Ignoring unknown extended header keyword 'LIBARCHIVE.xattr.com.apple.provenance'
tar: Ignoring unknown extended header keyword 'LIBARCHIVE.xattr.com.apple.provenance'
tar: Ignoring unknown extended header keyword 'LIBARCHIVE.xattr.com.apple.provenance'
tar: Ignoring unknown extended header keyword 'LIBARCHIVE.xattr.com.apple.provenance'
tar: Ignoring unknown extended header keyword 'LIBARCHIVE.xattr.com.apple.provenance'
tar: Ignoring unknown extended header keyword 'LIBARCHIVE.xattr.com.apple.provenance'
tar: Ignoring unknown extended header keyword 'LIBARCHIVE.xattr.com.apple.provenance'
tar: Ignoring unknown extended header keyword 'LIBARCHIVE.xattr.com.apple.provenance'
tar: Ignoring unknown extended header keyword 'LIBARCHIVE.xattr.com.apple.provenance'
tar: Ignoring unknown extended header keyword 'LIBARCHIVE.xattr.com.apple.provenance'
tar: Ignoring unknown extended header keyword 'LIBARCHIVE.xattr.com.apple.provenance'
tar: Ignoring unknown extended header keyword 'LIBARCHIVE.xattr.com.apple.provenance'
tar: Ignoring unknown extended header keyword 'LIBARCHIVE.xattr.com.apple.provenance'
tar: Ignoring unknown extended header keyword 'LIBARCHIVE.xattr.com.apple.provenance'
tar: Ignoring unknown extended header keyword 'LIBARCHIVE.xattr.com.apple.provenance'
tar: Ignoring unknown extended header keyword 'LIBARCHIVE.xattr.com.apple.provenance'
tar: Ignoring unknown extended header keyword 'LIBARCHIVE.xattr.com.apple.provenance'
tar: Ignoring unknown extended header keyword 'LIBARCHIVE.xattr.com.apple.provenance'
tar: Ignoring unknown extended header keyword 'LIBARCHIVE.xattr.com.apple.provenance'
tar: Ignoring unknown extended header keyword 'LIBARCHIVE.xattr.com.apple.provenance'
tar: Ignoring unknown extended header keyword 'LIBARCHIVE.xattr.com.apple.provenance'
tar: Ignoring unknown extended header keyword 'LIBARCHIVE.xattr.com.apple.provenance'
tar: Ignoring unknown extended header keyword 'LIBARCHIVE.xattr.com.apple.provenance'
tar: Ignoring unknown extended header keyword 'LIBARCHIVE.xattr.com.apple.provenance'
tar: Ignoring unknown extended header keyword 'LIBARCHIVE.xattr.com.apple.provenance'
tar: Ignoring unknown extended header keyword 'LIBARCHIVE.xattr.com.apple.provenance'
tar: Ignoring unknown extended header keyword 'LIBARCHIVE.xattr.com.apple.provenance'
tar: Ignoring unknown extended header keyword 'LIBARCHIVE.xattr.com.apple.provenance'
tar: Ignoring unknown extended header keyword 'LIBARCHIVE.xattr.com.apple.provenance'
tar: Ignoring unknown extended header keyword 'LIBARCHIVE.xattr.com.apple.provenance'
tar: Ignoring unknown extended header keyword 'LIBARCHIVE.xattr.com.apple.provenance'
tar: Ignoring unknown extended header keyword 'LIBARCHIVE.xattr.com.apple.provenance'
tar: Ignoring unknown extended header keyword 'LIBARCHIVE.xattr.com.apple.provenance'
tar: Ignoring unknown extended header keyword 'LIBARCHIVE.xattr.com.apple.provenance'
tar: Ignoring unknown extended header keyword 'LIBARCHIVE.xattr.com.apple.provenance'
tar: Ignoring unknown extended header keyword 'LIBARCHIVE.xattr.com.apple.provenance'
tar: Ignoring unknown extended header keyword 'LIBARCHIVE.xattr.com.apple.provenance'
tar: Ignoring unknown extended header keyword 'LIBARCHIVE.xattr.com.apple.provenance'
tar: Ignoring unknown extended header keyword 'LIBARCHIVE.xattr.com.apple.provenance'
tar: Ignoring unknown extended header keyword 'LIBARCHIVE.xattr.com.apple.provenance'
tar: Ignoring unknown extended header keyword 'LIBARCHIVE.xattr.com.apple.provenance'
tar: Ignoring unknown extended header keyword 'LIBARCHIVE.xattr.com.apple.provenance'
tar: Ignoring unknown extended header keyword 'LIBARCHIVE.xattr.com.apple.provenance'
tar: Ignoring unknown extended header keyword 'LIBARCHIVE.xattr.com.apple.provenance'
tar: Ignoring unknown extended header keyword 'LIBARCHIVE.xattr.com.apple.provenance'
tar: Ignoring unknown extended header keyword 'LIBARCHIVE.xattr.com.apple.provenance'
tar: Ignoring unknown extended header keyword 'LIBARCHIVE.xattr.com.apple.provenance'
tar: Ignoring unknown extended header keyword 'LIBARCHIVE.xattr.com.apple.provenance'
tar: Ignoring unknown extended header keyword 'LIBARCHIVE.xattr.com.apple.provenance'
tar: Ignoring unknown extended header keyword 'LIBARCHIVE.xattr.com.apple.provenance'
tar: Ignoring unknown extended header keyword 'LIBARCHIVE.xattr.com.apple.provenance'
tar: Ignoring unknown extended header keyword 'LIBARCHIVE.xattr.com.apple.provenance'
tar: Ignoring unknown extended header keyword 'LIBARCHIVE.xattr.com.apple.provenance'
tar: Ignoring unknown extended header keyword 'LIBARCHIVE.xattr.com.apple.provenance'
tar: Ignoring unknown extended header keyword 'LIBARCHIVE.xattr.com.apple.provenance'
tar: Ignoring unknown extended header keyword 'LIBARCHIVE.xattr.com.apple.provenance'
tar: Ignoring unknown extended header keyword 'LIBARCHIVE.xattr.com.apple.provenance'
tar: Ignoring unknown extended header keyword 'LIBARCHIVE.xattr.com.apple.provenance'
tar: Ignoring unknown extended header keyword 'LIBARCHIVE.xattr.com.apple.provenance'
tar: Ignoring unknown extended header keyword 'LIBARCHIVE.xattr.com.apple.provenance'
tar: Ignoring unknown extended header keyword 'LIBARCHIVE.xattr.com.apple.provenance'
tar: Ignoring unknown extended header keyword 'LIBARCHIVE.xattr.com.apple.provenance'
tar: Ignoring unknown extended header keyword 'LIBARCHIVE.xattr.com.apple.provenance'
tar: Ignoring unknown extended header keyword 'LIBARCHIVE.xattr.com.apple.provenance'
tar: Ignoring unknown extended header keyword 'LIBARCHIVE.xattr.com.apple.provenance'
tar: Ignoring unknown extended header keyword 'LIBARCHIVE.xattr.com.apple.provenance'
tar: Ignoring unknown extended header keyword 'LIBARCHIVE.xattr.com.apple.provenance'
tar: Ignoring unknown extended header keyword 'LIBARCHIVE.xattr.com.apple.provenance'
tar: Ignoring unknown extended header keyword 'LIBARCHIVE.xattr.com.apple.provenance'
tar: Ignoring unknown extended header keyword 'LIBARCHIVE.xattr.com.apple.provenance'
tar: Ignoring unknown extended header keyword 'LIBARCHIVE.xattr.com.apple.provenance'
tar: Ignoring unknown extended header keyword 'LIBARCHIVE.xattr.com.apple.provenance'
tar: Ignoring unknown extended header keyword 'LIBARCHIVE.xattr.com.apple.provenance'
tar: Ignoring unknown extended header keyword 'LIBARCHIVE.xattr.com.apple.provenance'
tar: Ignoring unknown extended header keyword 'LIBARCHIVE.xattr.com.apple.provenance'
tar: Ignoring unknown extended header keyword 'LIBARCHIVE.xattr.com.apple.provenance'
tar: Ignoring unknown extended header keyword 'LIBARCHIVE.xattr.com.apple.provenance'
tar: Ignoring unknown extended header keyword 'LIBARCHIVE.xattr.com.apple.provenance'
tar: Ignoring unknown extended header keyword 'LIBARCHIVE.xattr.com.apple.provenance'
tar: Ignoring unknown extended header keyword 'LIBARCHIVE.xattr.com.apple.provenance'
tar: Ignoring unknown extended header keyword 'LIBARCHIVE.xattr.com.apple.provenance'
tar: Ignoring unknown extended header keyword 'LIBARCHIVE.xattr.com.apple.provenance'
tar: Ignoring unknown extended header keyword 'LIBARCHIVE.xattr.com.apple.provenance'
tar: Ignoring unknown extended header keyword 'LIBARCHIVE.xattr.com.apple.provenance'
tar: Ignoring unknown extended header keyword 'LIBARCHIVE.xattr.com.apple.provenance'
tar: Ignoring unknown extended header keyword 'LIBARCHIVE.xattr.com.apple.provenance'
tar: Ignoring unknown extended header keyword 'LIBARCHIVE.xattr.com.apple.provenance'
tar: Ignoring unknown extended header keyword 'LIBARCHIVE.xattr.com.apple.provenance'
tar: Ignoring unknown extended header keyword 'LIBARCHIVE.xattr.com.apple.provenance'
tar: Ignoring unknown extended header keyword 'LIBARCHIVE.xattr.com.apple.provenance'
tar: Ignoring unknown extended header keyword 'LIBARCHIVE.xattr.com.apple.provenance'
tar: Ignoring unknown extended header keyword 'LIBARCHIVE.xattr.com.apple.provenance'
tar: Ignoring unknown extended header keyword 'LIBARCHIVE.xattr.com.apple.provenance'
tar: Ignoring unknown extended header keyword 'LIBARCHIVE.xattr.com.apple.provenance'
tar: Ignoring unknown extended header keyword 'LIBARCHIVE.xattr.com.apple.provenance'
tar: Ignoring unknown extended header keyword 'LIBARCHIVE.xattr.com.apple.provenance'
tar: Ignoring unknown extended header keyword 'LIBARCHIVE.xattr.com.apple.provenance'
tar: Ignoring unknown extended header keyword 'LIBARCHIVE.xattr.com.apple.provenance'
tar: Ignoring unknown extended header keyword 'LIBARCHIVE.xattr.com.apple.provenance'
tar: Ignoring unknown extended header keyword 'LIBARCHIVE.xattr.com.apple.provenance'
tar: Ignoring unknown extended header keyword 'LIBARCHIVE.xattr.com.apple.provenance'
tar: Ignoring unknown extended header keyword 'LIBARCHIVE.xattr.com.apple.provenance'
tar: Ignoring unknown extended header keyword 'LIBARCHIVE.xattr.com.apple.provenance'
tar: Ignoring unknown extended header keyword 'LIBARCHIVE.xattr.com.apple.provenance'
tar: Ignoring unknown extended header keyword 'LIBARCHIVE.xattr.com.apple.provenance'
tar: Ignoring unknown extended header keyword 'LIBARCHIVE.xattr.com.apple.provenance'
tar: Ignoring unknown extended header keyword 'LIBARCHIVE.xattr.com.apple.provenance'
tar: Ignoring unknown extended header keyword 'LIBARCHIVE.xattr.com.apple.provenance'
tar: Ignoring unknown extended header keyword 'LIBARCHIVE.xattr.com.apple.provenance'
tar: Ignoring unknown extended header keyword 'LIBARCHIVE.xattr.com.apple.provenance'
tar: Ignoring unknown extended header keyword 'LIBARCHIVE.xattr.com.apple.provenance'
tar: Ignoring unknown extended header keyword 'LIBARCHIVE.xattr.com.apple.provenance'
tar: Ignoring unknown extended header keyword 'LIBARCHIVE.xattr.com.apple.provenance'
tar: Ignoring unknown extended header keyword 'LIBARCHIVE.xattr.com.apple.provenance'
tar: Ignoring unknown extended header keyword 'LIBARCHIVE.xattr.com.apple.provenance'
tar: Ignoring unknown extended header keyword 'LIBARCHIVE.xattr.com.apple.provenance'
tar: Ignoring unknown extended header keyword 'LIBARCHIVE.xattr.com.apple.provenance'
tar: Ignoring unknown extended header keyword 'LIBARCHIVE.xattr.com.apple.provenance'
tar: Ignoring unknown extended header keyword 'LIBARCHIVE.xattr.com.apple.provenance'
tar: Ignoring unknown extended header keyword 'LIBARCHIVE.xattr.com.apple.provenance'
tar: Ignoring unknown extended header keyword 'LIBARCHIVE.xattr.com.apple.provenance'
tar: Ignoring unknown extended header keyword 'LIBARCHIVE.xattr.com.apple.provenance'
tar: Ignoring unknown extended header keyword 'LIBARCHIVE.xattr.com.apple.provenance'
tar: Ignoring unknown extended header keyword 'LIBARCHIVE.xattr.com.apple.provenance'
tar: Ignoring unknown extended header keyword 'LIBARCHIVE.xattr.com.apple.provenance'
tar: Ignoring unknown extended header keyword 'LIBARCHIVE.xattr.com.apple.provenance'
tar: Ignoring unknown extended header keyword 'LIBARCHIVE.xattr.com.apple.provenance'
tar: Ignoring unknown extended header keyword 'LIBARCHIVE.xattr.com.apple.provenance'
tar: Ignoring unknown extended header keyword 'LIBARCHIVE.xattr.com.apple.provenance'
tar: Ignoring unknown extended header keyword 'LIBARCHIVE.xattr.com.apple.provenance'
tar: Ignoring unknown extended header keyword 'LIBARCHIVE.xattr.com.apple.provenance'
tar: Ignoring unknown extended header keyword 'LIBARCHIVE.xattr.com.apple.provenance'
tar: Ignoring unknown extended header keyword 'LIBARCHIVE.xattr.com.apple.provenance'
tar: Ignoring unknown extended header keyword 'LIBARCHIVE.xattr.com.apple.provenance'
tar: Ignoring unknown extended header keyword 'LIBARCHIVE.xattr.com.apple.provenance'
tar: Ignoring unknown extended header keyword 'LIBARCHIVE.xattr.com.apple.provenance'
tar: Ignoring unknown extended header keyword 'LIBARCHIVE.xattr.com.apple.provenance'
tar: Ignoring unknown extended header keyword 'LIBARCHIVE.xattr.com.apple.provenance'
tar: Ignoring unknown extended header keyword 'LIBARCHIVE.xattr.com.apple.provenance'
tar: Ignoring unknown extended header keyword 'LIBARCHIVE.xattr.com.apple.provenance'
tar: Ignoring unknown extended header keyword 'LIBARCHIVE.xattr.com.apple.provenance'
tar: Ignoring unknown extended header keyword 'LIBARCHIVE.xattr.com.apple.provenance'
tar: Ignoring unknown extended header keyword 'LIBARCHIVE.xattr.com.apple.provenance'
tar: Ignoring unknown extended header keyword 'LIBARCHIVE.xattr.com.apple.provenance'
tar: Ignoring unknown extended header keyword 'LIBARCHIVE.xattr.com.apple.provenance'
tar: Ignoring unknown extended header keyword 'LIBARCHIVE.xattr.com.apple.provenance'
tar: Ignoring unknown extended header keyword 'LIBARCHIVE.xattr.com.apple.provenance'
tar: Ignoring unknown extended header keyword 'LIBARCHIVE.xattr.com.apple.provenance'
tar: Ignoring unknown extended header keyword 'LIBARCHIVE.xattr.com.apple.provenance'
tar: Ignoring unknown extended header keyword 'LIBARCHIVE.xattr.com.apple.provenance'
tar: Ignoring unknown extended header keyword 'LIBARCHIVE.xattr.com.apple.provenance'
tar: Ignoring unknown extended header keyword 'LIBARCHIVE.xattr.com.apple.provenance'
tar: Ignoring unknown extended header keyword 'LIBARCHIVE.xattr.com.apple.provenance'
tar: Ignoring unknown extended header keyword 'LIBARCHIVE.xattr.com.apple.provenance'
tar: Ignoring unknown extended header keyword 'LIBARCHIVE.xattr.com.apple.provenance'
tar: Ignoring unknown extended header keyword 'LIBARCHIVE.xattr.com.apple.provenance'
tar: Ignoring unknown extended header keyword 'LIBARCHIVE.xattr.com.apple.provenance'
tar: Ignoring unknown extended header keyword 'LIBARCHIVE.xattr.com.apple.provenance'
tar: Ignoring unknown extended header keyword 'LIBARCHIVE.xattr.com.apple.provenance'
tar: Ignoring unknown extended header keyword 'LIBARCHIVE.xattr.com.apple.provenance'
tar: Ignoring unknown extended header keyword 'LIBARCHIVE.xattr.com.apple.provenance'
tar: Ignoring unknown extended header keyword 'LIBARCHIVE.xattr.com.apple.provenance'
tar: Ignoring unknown extended header keyword 'LIBARCHIVE.xattr.com.apple.provenance'
tar: Ignoring unknown extended header keyword 'LIBARCHIVE.xattr.com.apple.provenance'
tar: Ignoring unknown extended header keyword 'LIBARCHIVE.xattr.com.apple.provenance'
tar: Ignoring unknown extended header keyword 'LIBARCHIVE.xattr.com.apple.provenance'
tar: Ignoring unknown extended header keyword 'LIBARCHIVE.xattr.com.apple.provenance'
tar: Ignoring unknown extended header keyword 'LIBARCHIVE.xattr.com.apple.provenance'
tar: Ignoring unknown extended header keyword 'LIBARCHIVE.xattr.com.apple.provenance'
tar: Ignoring unknown extended header keyword 'LIBARCHIVE.xattr.com.apple.provenance'
tar: Ignoring unknown extended header keyword 'LIBARCHIVE.xattr.com.apple.provenance'
tar: Ignoring unknown extended header keyword 'LIBARCHIVE.xattr.com.apple.provenance'
tar: Ignoring unknown extended header keyword 'LIBARCHIVE.xattr.com.apple.provenance'
tar: Ignoring unknown extended header keyword 'LIBARCHIVE.xattr.com.apple.provenance'
tar: Ignoring unknown extended header keyword 'LIBARCHIVE.xattr.com.apple.provenance'
tar: Ignoring unknown extended header keyword 'LIBARCHIVE.xattr.com.apple.provenance'
tar: Ignoring unknown extended header keyword 'LIBARCHIVE.xattr.com.apple.provenance'
tar: Ignoring unknown extended header keyword 'LIBARCHIVE.xattr.com.apple.provenance'
tar: Ignoring unknown extended header keyword 'LIBARCHIVE.xattr.com.apple.provenance'
tar: Ignoring unknown extended header keyword 'LIBARCHIVE.xattr.com.apple.provenance'
tar: Ignoring unknown extended header keyword 'LIBARCHIVE.xattr.com.apple.provenance'
tar: Ignoring unknown extended header keyword 'LIBARCHIVE.xattr.com.apple.provenance'
tar: Ignoring unknown extended header keyword 'LIBARCHIVE.xattr.com.apple.provenance'
tar: Ignoring unknown extended header keyword 'LIBARCHIVE.xattr.com.apple.provenance'
tar: Ignoring unknown extended header keyword 'LIBARCHIVE.xattr.com.apple.provenance'
tar: Ignoring unknown extended header keyword 'LIBARCHIVE.xattr.com.apple.provenance'
tar: Ignoring unknown extended header keyword 'LIBARCHIVE.xattr.com.apple.provenance'
tar: Ignoring unknown extended header keyword 'LIBARCHIVE.xattr.com.apple.provenance'
tar: Ignoring unknown extended header keyword 'LIBARCHIVE.xattr.com.apple.provenance'
tar: Ignoring unknown extended header keyword 'LIBARCHIVE.xattr.com.apple.provenance'
tar: Ignoring unknown extended header keyword 'LIBARCHIVE.xattr.com.apple.provenance'
tar: Ignoring unknown extended header keyword 'LIBARCHIVE.xattr.com.apple.provenance'
tar: Ignoring unknown extended header keyword 'LIBARCHIVE.xattr.com.apple.provenance'
tar: Ignoring unknown extended header keyword 'LIBARCHIVE.xattr.com.apple.provenance'
tar: Ignoring unknown extended header keyword 'LIBARCHIVE.xattr.com.apple.provenance'
tar: Ignoring unknown extended header keyword 'LIBARCHIVE.xattr.com.apple.provenance'
tar: Ignoring unknown extended header keyword 'LIBARCHIVE.xattr.com.apple.provenance'
tar: Ignoring unknown extended header keyword 'LIBARCHIVE.xattr.com.apple.provenance'
tar: Ignoring unknown extended header keyword 'LIBARCHIVE.xattr.com.apple.provenance'
tar: Ignoring unknown extended header keyword 'LIBARCHIVE.xattr.com.apple.provenance'
tar: Ignoring unknown extended header keyword 'LIBARCHIVE.xattr.com.apple.provenance'
tar: Ignoring unknown extended header keyword 'LIBARCHIVE.xattr.com.apple.provenance'
tar: Ignoring unknown extended header keyword 'LIBARCHIVE.xattr.com.apple.provenance'
tar: Ignoring unknown extended header keyword 'LIBARCHIVE.xattr.com.apple.provenance'
tar: Ignoring unknown extended header keyword 'LIBARCHIVE.xattr.com.apple.provenance'
tar: Ignoring unknown extended header keyword 'LIBARCHIVE.xattr.com.apple.provenance'
tar: Ignoring unknown extended header keyword 'LIBARCHIVE.xattr.com.apple.provenance'
tar: Ignoring unknown extended header keyword 'LIBARCHIVE.xattr.com.apple.provenance'
tar: Ignoring unknown extended header keyword 'LIBARCHIVE.xattr.com.apple.provenance'
tar: Ignoring unknown extended header keyword 'LIBARCHIVE.xattr.com.apple.provenance'
tar: Ignoring unknown extended header keyword 'LIBARCHIVE.xattr.com.apple.provenance'
tar: Ignoring unknown extended header keyword 'LIBARCHIVE.xattr.com.apple.provenance'
tar: Ignoring unknown extended header keyword 'LIBARCHIVE.xattr.com.apple.provenance'
tar: Ignoring unknown extended header keyword 'LIBARCHIVE.xattr.com.apple.provenance'
tar: Ignoring unknown extended header keyword 'LIBARCHIVE.xattr.com.apple.provenance'
tar: Ignoring unknown extended header keyword 'LIBARCHIVE.xattr.com.apple.provenance'
tar: Ignoring unknown extended header keyword 'LIBARCHIVE.xattr.com.apple.provenance'
tar: Ignoring unknown extended header keyword 'LIBARCHIVE.xattr.com.apple.provenance'
tar: Ignoring unknown extended header keyword 'LIBARCHIVE.xattr.com.apple.provenance'
tar: Ignoring unknown extended header keyword 'LIBARCHIVE.xattr.com.apple.provenance'
tar: Ignoring unknown extended header keyword 'LIBARCHIVE.xattr.com.apple.provenance'
tar: Ignoring unknown extended header keyword 'LIBARCHIVE.xattr.com.apple.provenance'
tar: Ignoring unknown extended header keyword 'LIBARCHIVE.xattr.com.apple.provenance'
tar: Ignoring unknown extended header keyword 'LIBARCHIVE.xattr.com.apple.provenance'
tar: Ignoring unknown extended header keyword 'LIBARCHIVE.xattr.com.apple.provenance'
tar: Ignoring unknown extended header keyword 'LIBARCHIVE.xattr.com.apple.provenance'
tar: Ignoring unknown extended header keyword 'LIBARCHIVE.xattr.com.apple.provenance'
tar: Ignoring unknown extended header keyword 'LIBARCHIVE.xattr.com.apple.provenance'
tar: Ignoring unknown extended header keyword 'LIBARCHIVE.xattr.com.apple.provenance'
tar: Ignoring unknown extended header keyword 'LIBARCHIVE.xattr.com.apple.provenance'
tar: Ignoring unknown extended header keyword 'LIBARCHIVE.xattr.com.apple.provenance'
tar: Ignoring unknown extended header keyword 'LIBARCHIVE.xattr.com.apple.provenance'
tar: Ignoring unknown extended header keyword 'LIBARCHIVE.xattr.com.apple.provenance'
tar: Ignoring unknown extended header keyword 'LIBARCHIVE.xattr.com.apple.provenance'
tar: Ignoring unknown extended header keyword 'LIBARCHIVE.xattr.com.apple.provenance'
tar: Ignoring unknown extended header keyword 'LIBARCHIVE.xattr.com.apple.provenance'
tar: Ignoring unknown extended header keyword 'LIBARCHIVE.xattr.com.apple.provenance'
tar: Ignoring unknown extended header keyword 'LIBARCHIVE.xattr.com.apple.provenance'
tar: Ignoring unknown extended header keyword 'LIBARCHIVE.xattr.com.apple.provenance'
tar: Ignoring unknown extended header keyword 'LIBARCHIVE.xattr.com.apple.provenance'
tar: Ignoring unknown extended header keyword 'LIBARCHIVE.xattr.com.apple.provenance'
tar: Ignoring unknown extended header keyword 'LIBARCHIVE.xattr.com.apple.provenance'
tar: Ignoring unknown extended header keyword 'LIBARCHIVE.xattr.com.apple.provenance'
tar: Ignoring unknown extended header keyword 'LIBARCHIVE.xattr.com.apple.provenance'
tar: Ignoring unknown extended header keyword 'LIBARCHIVE.xattr.com.apple.provenance'
tar: Ignoring unknown extended header keyword 'LIBARCHIVE.xattr.com.apple.provenance'
tar: Ignoring unknown extended header keyword 'LIBARCHIVE.xattr.com.apple.provenance'
tar: Ignoring unknown extended header keyword 'LIBARCHIVE.xattr.com.apple.provenance'
tar: Ignoring unknown extended header keyword 'LIBARCHIVE.xattr.com.apple.provenance'
tar: Ignoring unknown extended header keyword 'LIBARCHIVE.xattr.com.apple.provenance'
tar: Ignoring unknown extended header keyword 'LIBARCHIVE.xattr.com.apple.provenance'
tar: Ignoring unknown extended header keyword 'LIBARCHIVE.xattr.com.apple.provenance'
tar: Ignoring unknown extended header keyword 'LIBARCHIVE.xattr.com.apple.provenance'
tar: Ignoring unknown extended header keyword 'LIBARCHIVE.xattr.com.apple.provenance'
tar: Ignoring unknown extended header keyword 'LIBARCHIVE.xattr.com.apple.provenance'
tar: Ignoring unknown extended header keyword 'LIBARCHIVE.xattr.com.apple.provenance'
tar: Ignoring unknown extended header keyword 'LIBARCHIVE.xattr.com.apple.provenance'
tar: Ignoring unknown extended header keyword 'LIBARCHIVE.xattr.com.apple.provenance'
tar: Ignoring unknown extended header keyword 'LIBARCHIVE.xattr.com.apple.provenance'
tar: Ignoring unknown extended header keyword 'LIBARCHIVE.xattr.com.apple.provenance'
tar: Ignoring unknown extended header keyword 'LIBARCHIVE.xattr.com.apple.provenance'
tar: Ignoring unknown extended header keyword 'LIBARCHIVE.xattr.com.apple.provenance'
tar: Ignoring unknown extended header keyword 'LIBARCHIVE.xattr.com.apple.provenance'
tar: Ignoring unknown extended header keyword 'LIBARCHIVE.xattr.com.apple.provenance'
tar: Ignoring unknown extended header keyword 'LIBARCHIVE.xattr.com.apple.provenance'
tar: Ignoring unknown extended header keyword 'LIBARCHIVE.xattr.com.apple.provenance'
tar: Ignoring unknown extended header keyword 'LIBARCHIVE.xattr.com.apple.provenance'
tar: Ignoring unknown extended header keyword 'LIBARCHIVE.xattr.com.apple.provenance'
tar: Ignoring unknown extended header keyword 'LIBARCHIVE.xattr.com.apple.provenance'
tar: Ignoring unknown extended header keyword 'LIBARCHIVE.xattr.com.apple.provenance'
tar: Ignoring unknown extended header keyword 'LIBARCHIVE.xattr.com.apple.provenance'
tar: Ignoring unknown extended header keyword 'LIBARCHIVE.xattr.com.apple.provenance'
tar: Ignoring unknown extended header keyword 'LIBARCHIVE.xattr.com.apple.provenance'
tar: Ignoring unknown extended header keyword 'LIBARCHIVE.xattr.com.apple.provenance'
tar: Ignoring unknown extended header keyword 'LIBARCHIVE.xattr.com.apple.provenance'
tar: Ignoring unknown extended header keyword 'LIBARCHIVE.xattr.com.apple.provenance'
tar: Ignoring unknown extended header keyword 'LIBARCHIVE.xattr.com.apple.provenance'
tar: Ignoring unknown extended header keyword 'LIBARCHIVE.xattr.com.apple.provenance'
tar: Ignoring unknown extended header keyword 'LIBARCHIVE.xattr.com.apple.provenance'
tar: Ignoring unknown extended header keyword 'LIBARCHIVE.xattr.com.apple.provenance'
tar: Ignoring unknown extended header keyword 'LIBARCHIVE.xattr.com.apple.provenance'
tar: Ignoring unknown extended header keyword 'LIBARCHIVE.xattr.com.apple.provenance'
tar: Ignoring unknown extended header keyword 'LIBARCHIVE.xattr.com.apple.provenance'
tar: Ignoring unknown extended header keyword 'LIBARCHIVE.xattr.com.apple.provenance'
tar: Ignoring unknown extended header keyword 'LIBARCHIVE.xattr.com.apple.provenance'
tar: Ignoring unknown extended header keyword 'LIBARCHIVE.xattr.com.apple.provenance'
tar: Ignoring unknown extended header keyword 'LIBARCHIVE.xattr.com.apple.provenance'
tar: Ignoring unknown extended header keyword 'LIBARCHIVE.xattr.com.apple.provenance'
tar: Ignoring unknown extended header keyword 'LIBARCHIVE.xattr.com.apple.provenance'
tar: Ignoring unknown extended header keyword 'LIBARCHIVE.xattr.com.apple.provenance'
tar: Ignoring unknown extended header keyword 'LIBARCHIVE.xattr.com.apple.provenance'
tar: Ignoring unknown extended header keyword 'LIBARCHIVE.xattr.com.apple.provenance'
tar: Ignoring unknown extended header keyword 'LIBARCHIVE.xattr.com.apple.provenance'
tar: Ignoring unknown extended header keyword 'LIBARCHIVE.xattr.com.apple.provenance'
tar: Ignoring unknown extended header keyword 'LIBARCHIVE.xattr.com.apple.provenance'
tar: Ignoring unknown extended header keyword 'LIBARCHIVE.xattr.com.apple.provenance'
tar: Ignoring unknown extended header keyword 'LIBARCHIVE.xattr.com.apple.provenance'
tar: Ignoring unknown extended header keyword 'LIBARCHIVE.xattr.com.apple.provenance'
tar: Ignoring unknown extended header keyword 'LIBARCHIVE.xattr.com.apple.provenance'
tar: Ignoring unknown extended header keyword 'LIBARCHIVE.xattr.com.apple.provenance'
tar: Ignoring unknown extended header keyword 'LIBARCHIVE.xattr.com.apple.provenance'
tar: Ignoring unknown extended header keyword 'LIBARCHIVE.xattr.com.apple.provenance'
tar: Ignoring unknown extended header keyword 'LIBARCHIVE.xattr.com.apple.provenance'
tar: Ignoring unknown extended header keyword 'LIBARCHIVE.xattr.com.apple.provenance'
tar: Ignoring unknown extended header keyword 'LIBARCHIVE.xattr.com.apple.provenance'
tar: Ignoring unknown extended header keyword 'LIBARCHIVE.xattr.com.apple.provenance'
tar: Ignoring unknown extended header keyword 'LIBARCHIVE.xattr.com.apple.provenance'
tar: Ignoring unknown extended header keyword 'LIBARCHIVE.xattr.com.apple.provenance'
tar: Ignoring unknown extended header keyword 'LIBARCHIVE.xattr.com.apple.provenance'
tar: Ignoring unknown extended header keyword 'LIBARCHIVE.xattr.com.apple.provenance'
tar: Ignoring unknown extended header keyword 'LIBARCHIVE.xattr.com.apple.provenance'
tar: Ignoring unknown extended header keyword 'LIBARCHIVE.xattr.com.apple.provenance'
tar: Ignoring unknown extended header keyword 'LIBARCHIVE.xattr.com.apple.provenance'
tar: Ignoring unknown extended header keyword 'LIBARCHIVE.xattr.com.apple.provenance'
tar: Ignoring unknown extended header keyword 'LIBARCHIVE.xattr.com.apple.provenance'
tar: Ignoring unknown extended header keyword 'LIBARCHIVE.xattr.com.apple.provenance'
tar: Ignoring unknown extended header keyword 'LIBARCHIVE.xattr.com.apple.provenance'
tar: Ignoring unknown extended header keyword 'LIBARCHIVE.xattr.com.apple.provenance'
tar: Ignoring unknown extended header keyword 'LIBARCHIVE.xattr.com.apple.provenance'
tar: Ignoring unknown extended header keyword 'LIBARCHIVE.xattr.com.apple.provenance'
tar: Ignoring unknown extended header keyword 'LIBARCHIVE.xattr.com.apple.provenance'
tar: Ignoring unknown extended header keyword 'LIBARCHIVE.xattr.com.apple.provenance'
tar: Ignoring unknown extended header keyword 'LIBARCHIVE.xattr.com.apple.provenance'
tar: Ignoring unknown extended header keyword 'LIBARCHIVE.xattr.com.apple.provenance'
tar: Ignoring unknown extended header keyword 'LIBARCHIVE.xattr.com.apple.provenance'
tar: Ignoring unknown extended header keyword 'LIBARCHIVE.xattr.com.apple.provenance'
tar: Ignoring unknown extended header keyword 'LIBARCHIVE.xattr.com.apple.provenance'
tar: Ignoring unknown extended header keyword 'LIBARCHIVE.xattr.com.apple.provenance'
tar: Ignoring unknown extended header keyword 'LIBARCHIVE.xattr.com.apple.provenance'
tar: Ignoring unknown extended header keyword 'LIBARCHIVE.xattr.com.apple.provenance'
tar: Ignoring unknown extended header keyword 'LIBARCHIVE.xattr.com.apple.provenance'
tar: Ignoring unknown extended header keyword 'LIBARCHIVE.xattr.com.apple.provenance'
tar: Ignoring unknown extended header keyword 'LIBARCHIVE.xattr.com.apple.provenance'
tar: Ignoring unknown extended header keyword 'LIBARCHIVE.xattr.com.apple.provenance'
tar: Ignoring unknown extended header keyword 'LIBARCHIVE.xattr.com.apple.provenance'
tar: Ignoring unknown extended header keyword 'LIBARCHIVE.xattr.com.apple.provenance'
tar: Ignoring unknown extended header keyword 'LIBARCHIVE.xattr.com.apple.provenance'
tar: Ignoring unknown extended header keyword 'LIBARCHIVE.xattr.com.apple.provenance'
tar: Ignoring unknown extended header keyword 'LIBARCHIVE.xattr.com.apple.provenance'
tar: Ignoring unknown extended header keyword 'LIBARCHIVE.xattr.com.apple.provenance'
tar: Ignoring unknown extended header keyword 'LIBARCHIVE.xattr.com.apple.provenance'
tar: Ignoring unknown extended header keyword 'LIBARCHIVE.xattr.com.apple.provenance'
tar: Ignoring unknown extended header keyword 'LIBARCHIVE.xattr.com.apple.provenance'
tar: Ignoring unknown extended header keyword 'LIBARCHIVE.xattr.com.apple.provenance'
tar: Ignoring unknown extended header keyword 'LIBARCHIVE.xattr.com.apple.provenance'
tar: Ignoring unknown extended header keyword 'LIBARCHIVE.xattr.com.apple.provenance'
tar: Ignoring unknown extended header keyword 'LIBARCHIVE.xattr.com.apple.provenance'
tar: Ignoring unknown extended header keyword 'LIBARCHIVE.xattr.com.apple.provenance'
tar: Ignoring unknown extended header keyword 'LIBARCHIVE.xattr.com.apple.provenance'
tar: Ignoring unknown extended header keyword 'LIBARCHIVE.xattr.com.apple.provenance'
tar: Ignoring unknown extended header keyword 'LIBARCHIVE.xattr.com.apple.provenance'
tar: Ignoring unknown extended header keyword 'LIBARCHIVE.xattr.com.apple.provenance'
tar: Ignoring unknown extended header keyword 'LIBARCHIVE.xattr.com.apple.provenance'
tar: Ignoring unknown extended header keyword 'LIBARCHIVE.xattr.com.apple.provenance'
tar: Ignoring unknown extended header keyword 'LIBARCHIVE.xattr.com.apple.provenance'
tar: Ignoring unknown extended header keyword 'LIBARCHIVE.xattr.com.apple.provenance'
tar: Ignoring unknown extended header keyword 'LIBARCHIVE.xattr.com.apple.provenance'
tar: Ignoring unknown extended header keyword 'LIBARCHIVE.xattr.com.apple.provenance'
tar: Ignoring unknown extended header keyword 'LIBARCHIVE.xattr.com.apple.provenance'
tar: Ignoring unknown extended header keyword 'LIBARCHIVE.xattr.com.apple.provenance'
tar: Ignoring unknown extended header keyword 'LIBARCHIVE.xattr.com.apple.provenance'
tar: Ignoring unknown extended header keyword 'LIBARCHIVE.xattr.com.apple.provenance'
tar: Ignoring unknown extended header keyword 'LIBARCHIVE.xattr.com.apple.provenance'
tar: Ignoring unknown extended header keyword 'LIBARCHIVE.xattr.com.apple.provenance'
tar: Ignoring unknown extended header keyword 'LIBARCHIVE.xattr.com.apple.provenance'
tar: Ignoring unknown extended header keyword 'LIBARCHIVE.xattr.com.apple.provenance'
tar: Ignoring unknown extended header keyword 'LIBARCHIVE.xattr.com.apple.provenance'
tar: Ignoring unknown extended header keyword 'LIBARCHIVE.xattr.com.apple.provenance'
tar: Ignoring unknown extended header keyword 'LIBARCHIVE.xattr.com.apple.provenance'
tar: Ignoring unknown extended header keyword 'LIBARCHIVE.xattr.com.apple.provenance'
tar: Ignoring unknown extended header keyword 'LIBARCHIVE.xattr.com.apple.provenance'
tar: Ignoring unknown extended header keyword 'LIBARCHIVE.xattr.com.apple.provenance'
tar: Ignoring unknown extended header keyword 'LIBARCHIVE.xattr.com.apple.provenance'
tar: Ignoring unknown extended header keyword 'LIBARCHIVE.xattr.com.apple.provenance'
tar: Ignoring unknown extended header keyword 'LIBARCHIVE.xattr.com.apple.provenance'
tar: Ignoring unknown extended header keyword 'LIBARCHIVE.xattr.com.apple.provenance'
tar: Ignoring unknown extended header keyword 'LIBARCHIVE.xattr.com.apple.provenance'
tar: Ignoring unknown extended header keyword 'LIBARCHIVE.xattr.com.apple.provenance'
tar: Ignoring unknown extended header keyword 'LIBARCHIVE.xattr.com.apple.provenance'
tar: Ignoring unknown extended header keyword 'LIBARCHIVE.xattr.com.apple.provenance'
tar: Ignoring unknown extended header keyword 'LIBARCHIVE.xattr.com.apple.provenance'
tar: Ignoring unknown extended header keyword 'LIBARCHIVE.xattr.com.apple.provenance'
tar: Ignoring unknown extended header keyword 'LIBARCHIVE.xattr.com.apple.provenance'
tar: Ignoring unknown extended header keyword 'LIBARCHIVE.xattr.com.apple.provenance'
tar: Ignoring unknown extended header keyword 'LIBARCHIVE.xattr.com.apple.provenance'
tar: Ignoring unknown extended header keyword 'LIBARCHIVE.xattr.com.apple.provenance'
tar: Ignoring unknown extended header keyword 'LIBARCHIVE.xattr.com.apple.provenance'
tar: Ignoring unknown extended header keyword 'LIBARCHIVE.xattr.com.apple.provenance'
tar: Ignoring unknown extended header keyword 'LIBARCHIVE.xattr.com.apple.provenance'
tar: Ignoring unknown extended header keyword 'LIBARCHIVE.xattr.com.apple.provenance'
tar: Ignoring unknown extended header keyword 'LIBARCHIVE.xattr.com.apple.provenance'
tar: Ignoring unknown extended header keyword 'LIBARCHIVE.xattr.com.apple.provenance'
tar: Ignoring unknown extended header keyword 'LIBARCHIVE.xattr.com.apple.provenance'
tar: Ignoring unknown extended header keyword 'LIBARCHIVE.xattr.com.apple.provenance'
tar: Ignoring unknown extended header keyword 'LIBARCHIVE.xattr.com.apple.provenance'
tar: Ignoring unknown extended header keyword 'LIBARCHIVE.xattr.com.apple.provenance'
tar: Ignoring unknown extended header keyword 'LIBARCHIVE.xattr.com.apple.provenance'
tar: Ignoring unknown extended header keyword 'LIBARCHIVE.xattr.com.apple.provenance'
tar: Ignoring unknown extended header keyword 'LIBARCHIVE.xattr.com.apple.provenance'
tar: Ignoring unknown extended header keyword 'LIBARCHIVE.xattr.com.apple.provenance'
tar: Ignoring unknown extended header keyword 'LIBARCHIVE.xattr.com.apple.provenance'
tar: Ignoring unknown extended header keyword 'LIBARCHIVE.xattr.com.apple.provenance'
tar: Ignoring unknown extended header keyword 'LIBARCHIVE.xattr.com.apple.provenance'
tar: Ignoring unknown extended header keyword 'LIBARCHIVE.xattr.com.apple.provenance'
tar: Ignoring unknown extended header keyword 'LIBARCHIVE.xattr.com.apple.provenance'
tar: Ignoring unknown extended header keyword 'LIBARCHIVE.xattr.com.apple.provenance'
tar: Ignoring unknown extended header keyword 'LIBARCHIVE.xattr.com.apple.provenance'
tar: Ignoring unknown extended header keyword 'LIBARCHIVE.xattr.com.apple.provenance'
tar: Ignoring unknown extended header keyword 'LIBARCHIVE.xattr.com.apple.provenance'
tar: Ignoring unknown extended header keyword 'LIBARCHIVE.xattr.com.apple.provenance'
tar: Ignoring unknown extended header keyword 'LIBARCHIVE.xattr.com.apple.provenance'
tar: Ignoring unknown extended header keyword 'LIBARCHIVE.xattr.com.apple.provenance'
tar: Ignoring unknown extended header keyword 'LIBARCHIVE.xattr.com.apple.provenance'
tar: Ignoring unknown extended header keyword 'LIBARCHIVE.xattr.com.apple.provenance'
tar: Ignoring unknown extended header keyword 'LIBARCHIVE.xattr.com.apple.provenance'
tar: Ignoring unknown extended header keyword 'LIBARCHIVE.xattr.com.apple.provenance'
tar: Ignoring unknown extended header keyword 'LIBARCHIVE.xattr.com.apple.provenance'
tar: Ignoring unknown extended header keyword 'LIBARCHIVE.xattr.com.apple.provenance'
tar: Ignoring unknown extended header keyword 'LIBARCHIVE.xattr.com.apple.provenance'
tar: Ignoring unknown extended header keyword 'LIBARCHIVE.xattr.com.apple.provenance'
tar: Ignoring unknown extended header keyword 'LIBARCHIVE.xattr.com.apple.provenance'
tar: Ignoring unknown extended header keyword 'LIBARCHIVE.xattr.com.apple.provenance'
tar: Ignoring unknown extended header keyword 'LIBARCHIVE.xattr.com.apple.provenance'
tar: Ignoring unknown extended header keyword 'LIBARCHIVE.xattr.com.apple.provenance'
tar: Ignoring unknown extended header keyword 'LIBARCHIVE.xattr.com.apple.provenance'
tar: Ignoring unknown extended header keyword 'LIBARCHIVE.xattr.com.apple.provenance'
tar: Ignoring unknown extended header keyword 'LIBARCHIVE.xattr.com.apple.provenance'
tar: Ignoring unknown extended header keyword 'LIBARCHIVE.xattr.com.apple.provenance'
tar: Ignoring unknown extended header keyword 'LIBARCHIVE.xattr.com.apple.provenance'
tar: Ignoring unknown extended header keyword 'LIBARCHIVE.xattr.com.apple.provenance'
tar: Ignoring unknown extended header keyword 'LIBARCHIVE.xattr.com.apple.provenance'
tar: Ignoring unknown extended header keyword 'LIBARCHIVE.xattr.com.apple.provenance'
tar: Ignoring unknown extended header keyword 'LIBARCHIVE.xattr.com.apple.provenance'
tar: Ignoring unknown extended header keyword 'LIBARCHIVE.xattr.com.apple.provenance'
tar: Ignoring unknown extended header keyword 'LIBARCHIVE.xattr.com.apple.provenance'
tar: Ignoring unknown extended header keyword 'LIBARCHIVE.xattr.com.apple.provenance'
tar: Ignoring unknown extended header keyword 'LIBARCHIVE.xattr.com.apple.provenance'
tar: Ignoring unknown extended header keyword 'LIBARCHIVE.xattr.com.apple.provenance'
tar: Ignoring unknown extended header keyword 'LIBARCHIVE.xattr.com.apple.provenance'
tar: Ignoring unknown extended header keyword 'LIBARCHIVE.xattr.com.apple.provenance'
tar: Ignoring unknown extended header keyword 'LIBARCHIVE.xattr.com.apple.provenance'
tar: Ignoring unknown extended header keyword 'LIBARCHIVE.xattr.com.apple.provenance'
tar: Ignoring unknown extended header keyword 'LIBARCHIVE.xattr.com.apple.provenance'
tar: Ignoring unknown extended header keyword 'LIBARCHIVE.xattr.com.apple.provenance'
tar: Ignoring unknown extended header keyword 'LIBARCHIVE.xattr.com.apple.provenance'
tar: Ignoring unknown extended header keyword 'LIBARCHIVE.xattr.com.apple.provenance'
tar: Ignoring unknown extended header keyword 'LIBARCHIVE.xattr.com.apple.provenance'
tar: Ignoring unknown extended header keyword 'LIBARCHIVE.xattr.com.apple.provenance'
tar: Ignoring unknown extended header keyword 'LIBARCHIVE.xattr.com.apple.provenance'
tar: Ignoring unknown extended header keyword 'LIBARCHIVE.xattr.com.apple.provenance'
tar: Ignoring unknown extended header keyword 'LIBARCHIVE.xattr.com.apple.provenance'
tar: Ignoring unknown extended header keyword 'LIBARCHIVE.xattr.com.apple.provenance'
tar: Ignoring unknown extended header keyword 'LIBARCHIVE.xattr.com.apple.provenance'
tar: Ignoring unknown extended header keyword 'LIBARCHIVE.xattr.com.apple.provenance'
tar: Ignoring unknown extended header keyword 'LIBARCHIVE.xattr.com.apple.provenance'
tar: Ignoring unknown extended header keyword 'LIBARCHIVE.xattr.com.apple.provenance'
tar: Ignoring unknown extended header keyword 'LIBARCHIVE.xattr.com.apple.provenance'
tar: Ignoring unknown extended header keyword 'LIBARCHIVE.xattr.com.apple.provenance'
tar: Ignoring unknown extended header keyword 'LIBARCHIVE.xattr.com.apple.provenance'
tar: Ignoring unknown extended header keyword 'LIBARCHIVE.xattr.com.apple.provenance'
tar: Ignoring unknown extended header keyword 'LIBARCHIVE.xattr.com.apple.provenance'
tar: Ignoring unknown extended header keyword 'LIBARCHIVE.xattr.com.apple.provenance'
tar: Ignoring unknown extended header keyword 'LIBARCHIVE.xattr.com.apple.provenance'
tar: Ignoring unknown extended header keyword 'LIBARCHIVE.xattr.com.apple.provenance'
tar: Ignoring unknown extended header keyword 'LIBARCHIVE.xattr.com.apple.provenance'
tar: Ignoring unknown extended header keyword 'LIBARCHIVE.xattr.com.apple.provenance'
tar: Ignoring unknown extended header keyword 'LIBARCHIVE.xattr.com.apple.provenance'
tar: Ignoring unknown extended header keyword 'LIBARCHIVE.xattr.com.apple.provenance'
tar: Ignoring unknown extended header keyword 'LIBARCHIVE.xattr.com.apple.provenance'
tar: Ignoring unknown extended header keyword 'LIBARCHIVE.xattr.com.apple.provenance'
tar: Ignoring unknown extended header keyword 'LIBARCHIVE.xattr.com.apple.provenance'
tar: Ignoring unknown extended header keyword 'LIBARCHIVE.xattr.com.apple.provenance'
tar: Ignoring unknown extended header keyword 'LIBARCHIVE.xattr.com.apple.provenance'
tar: Ignoring unknown extended header keyword 'LIBARCHIVE.xattr.com.apple.provenance'
tar: Ignoring unknown extended header keyword 'LIBARCHIVE.xattr.com.apple.provenance'
tar: Ignoring unknown extended header keyword 'LIBARCHIVE.xattr.com.apple.provenance'
tar: Ignoring unknown extended header keyword 'LIBARCHIVE.xattr.com.apple.provenance'
tar: Ignoring unknown extended header keyword 'LIBARCHIVE.xattr.com.apple.provenance'
tar: Ignoring unknown extended header keyword 'LIBARCHIVE.xattr.com.apple.provenance'
tar: Ignoring unknown extended header keyword 'LIBARCHIVE.xattr.com.apple.provenance'
tar: Ignoring unknown extended header keyword 'LIBARCHIVE.xattr.com.apple.provenance'
tar: Ignoring unknown extended header keyword 'LIBARCHIVE.xattr.com.apple.provenance'
tar: Ignoring unknown extended header keyword 'LIBARCHIVE.xattr.com.apple.provenance'
tar: Ignoring unknown extended header keyword 'LIBARCHIVE.xattr.com.apple.provenance'
tar: Ignoring unknown extended header keyword 'LIBARCHIVE.xattr.com.apple.provenance'
tar: Ignoring unknown extended header keyword 'LIBARCHIVE.xattr.com.apple.provenance'
tar: Ignoring unknown extended header keyword 'LIBARCHIVE.xattr.com.apple.provenance'
tar: Ignoring unknown extended header keyword 'LIBARCHIVE.xattr.com.apple.provenance'
tar: Ignoring unknown extended header keyword 'LIBARCHIVE.xattr.com.apple.provenance'
tar: Ignoring unknown extended header keyword 'LIBARCHIVE.xattr.com.apple.provenance'
tar: Ignoring unknown extended header keyword 'LIBARCHIVE.xattr.com.apple.provenance'
tar: Ignoring unknown extended header keyword 'LIBARCHIVE.xattr.com.apple.provenance'
tar: Ignoring unknown extended header keyword 'LIBARCHIVE.xattr.com.apple.provenance'
tar: Ignoring unknown extended header keyword 'LIBARCHIVE.xattr.com.apple.provenance'
tar: Ignoring unknown extended header keyword 'LIBARCHIVE.xattr.com.apple.provenance'
tar: Ignoring unknown extended header keyword 'LIBARCHIVE.xattr.com.apple.provenance'
tar: Ignoring unknown extended header keyword 'LIBARCHIVE.xattr.com.apple.provenance'
tar: Ignoring unknown extended header keyword 'LIBARCHIVE.xattr.com.apple.provenance'
tar: Ignoring unknown extended header keyword 'LIBARCHIVE.xattr.com.apple.provenance'
tar: Ignoring unknown extended header keyword 'LIBARCHIVE.xattr.com.apple.provenance'
tar: Ignoring unknown extended header keyword 'LIBARCHIVE.xattr.com.apple.provenance'
tar: Ignoring unknown extended header keyword 'LIBARCHIVE.xattr.com.apple.provenance'
tar: Ignoring unknown extended header keyword 'LIBARCHIVE.xattr.com.apple.provenance'
tar: Ignoring unknown extended header keyword 'LIBARCHIVE.xattr.com.apple.provenance'
tar: Ignoring unknown extended header keyword 'LIBARCHIVE.xattr.com.apple.provenance'
tar: Ignoring unknown extended header keyword 'LIBARCHIVE.xattr.com.apple.provenance'
tar: Ignoring unknown extended header keyword 'LIBARCHIVE.xattr.com.apple.provenance'
tar: Ignoring unknown extended header keyword 'LIBARCHIVE.xattr.com.apple.provenance'
tar: Ignoring unknown extended header keyword 'LIBARCHIVE.xattr.com.apple.provenance'
tar: Ignoring unknown extended header keyword 'LIBARCHIVE.xattr.com.apple.provenance'
tar: Ignoring unknown extended header keyword 'LIBARCHIVE.xattr.com.apple.provenance'
tar: Ignoring unknown extended header keyword 'LIBARCHIVE.xattr.com.apple.provenance'
tar: Ignoring unknown extended header keyword 'LIBARCHIVE.xattr.com.apple.provenance'
tar: Ignoring unknown extended header keyword 'LIBARCHIVE.xattr.com.apple.provenance'
tar: Ignoring unknown extended header keyword 'LIBARCHIVE.xattr.com.apple.provenance'
tar: Ignoring unknown extended header keyword 'LIBARCHIVE.xattr.com.apple.provenance'
tar: Ignoring unknown extended header keyword 'LIBARCHIVE.xattr.com.apple.provenance'
tar: Ignoring unknown extended header keyword 'LIBARCHIVE.xattr.com.apple.provenance'
tar: Ignoring unknown extended header keyword 'LIBARCHIVE.xattr.com.apple.provenance'
tar: Ignoring unknown extended header keyword 'LIBARCHIVE.xattr.com.apple.provenance'
tar: Ignoring unknown extended header keyword 'LIBARCHIVE.xattr.com.apple.provenance'
tar: Ignoring unknown extended header keyword 'LIBARCHIVE.xattr.com.apple.provenance'
tar: Ignoring unknown extended header keyword 'LIBARCHIVE.xattr.com.apple.provenance'
tar: Ignoring unknown extended header keyword 'LIBARCHIVE.xattr.com.apple.provenance'
tar: Ignoring unknown extended header keyword 'LIBARCHIVE.xattr.com.apple.provenance'
tar: Ignoring unknown extended header keyword 'LIBARCHIVE.xattr.com.apple.provenance'
tar: Ignoring unknown extended header keyword 'LIBARCHIVE.xattr.com.apple.provenance'
tar: Ignoring unknown extended header keyword 'LIBARCHIVE.xattr.com.apple.provenance'
tar: Ignoring unknown extended header keyword 'LIBARCHIVE.xattr.com.apple.provenance'
tar: Ignoring unknown extended header keyword 'LIBARCHIVE.xattr.com.apple.provenance'
tar: Ignoring unknown extended header keyword 'LIBARCHIVE.xattr.com.apple.provenance'
tar: Ignoring unknown extended header keyword 'LIBARCHIVE.xattr.com.apple.provenance'
tar: Ignoring unknown extended header keyword 'LIBARCHIVE.xattr.com.apple.provenance'
tar: Ignoring unknown extended header keyword 'LIBARCHIVE.xattr.com.apple.provenance'
tar: Ignoring unknown extended header keyword 'LIBARCHIVE.xattr.com.apple.provenance'
tar: Ignoring unknown extended header keyword 'LIBARCHIVE.xattr.com.apple.provenance'
tar: Ignoring unknown extended header keyword 'LIBARCHIVE.xattr.com.apple.provenance'
tar: Ignoring unknown extended header keyword 'LIBARCHIVE.xattr.com.apple.provenance'
tar: Ignoring unknown extended header keyword 'LIBARCHIVE.xattr.com.apple.provenance'
tar: Ignoring unknown extended header keyword 'LIBARCHIVE.xattr.com.apple.provenance'
tar: Ignoring unknown extended header keyword 'LIBARCHIVE.xattr.com.apple.provenance'
tar: Ignoring unknown extended header keyword 'LIBARCHIVE.xattr.com.apple.provenance'
tar: Ignoring unknown extended header keyword 'LIBARCHIVE.xattr.com.apple.provenance'
tar: Ignoring unknown extended header keyword 'LIBARCHIVE.xattr.com.apple.provenance'
tar: Ignoring unknown extended header keyword 'LIBARCHIVE.xattr.com.apple.provenance'
tar: Ignoring unknown extended header keyword 'LIBARCHIVE.xattr.com.apple.provenance'
tar: Ignoring unknown extended header keyword 'LIBARCHIVE.xattr.com.apple.provenance'
tar: Ignoring unknown extended header keyword 'LIBARCHIVE.xattr.com.apple.provenance'
tar: Ignoring unknown extended header keyword 'LIBARCHIVE.xattr.com.apple.provenance'
tar: Ignoring unknown extended header keyword 'LIBARCHIVE.xattr.com.apple.provenance'
tar: Ignoring unknown extended header keyword 'LIBARCHIVE.xattr.com.apple.provenance'
tar: Ignoring unknown extended header keyword 'LIBARCHIVE.xattr.com.apple.provenance'
tar: Ignoring unknown extended header keyword 'LIBARCHIVE.xattr.com.apple.provenance'
tar: Ignoring unknown extended header keyword 'LIBARCHIVE.xattr.com.apple.provenance'
tar: Ignoring unknown extended header keyword 'LIBARCHIVE.xattr.com.apple.provenance'
tar: Ignoring unknown extended header keyword 'LIBARCHIVE.xattr.com.apple.provenance'
tar: Ignoring unknown extended header keyword 'LIBARCHIVE.xattr.com.apple.provenance'
tar: Ignoring unknown extended header keyword 'LIBARCHIVE.xattr.com.apple.provenance'
tar: Ignoring unknown extended header keyword 'LIBARCHIVE.xattr.com.apple.provenance'
tar: Ignoring unknown extended header keyword 'LIBARCHIVE.xattr.com.apple.provenance'
tar: Ignoring unknown extended header keyword 'LIBARCHIVE.xattr.com.apple.provenance'
tar: Ignoring unknown extended header keyword 'LIBARCHIVE.xattr.com.apple.provenance'
tar: Ignoring unknown extended header keyword 'LIBARCHIVE.xattr.com.apple.provenance'
tar: Ignoring unknown extended header keyword 'LIBARCHIVE.xattr.com.apple.provenance'
tar: Ignoring unknown extended header keyword 'LIBARCHIVE.xattr.com.apple.provenance'
tar: Ignoring unknown extended header keyword 'LIBARCHIVE.xattr.com.apple.provenance'
tar: Ignoring unknown extended header keyword 'LIBARCHIVE.xattr.com.apple.provenance'
tar: Ignoring unknown extended header keyword 'LIBARCHIVE.xattr.com.apple.provenance'
tar: Ignoring unknown extended header keyword 'LIBARCHIVE.xattr.com.apple.provenance'
tar: Ignoring unknown extended header keyword 'LIBARCHIVE.xattr.com.apple.provenance'
tar: Ignoring unknown extended header keyword 'LIBARCHIVE.xattr.com.apple.provenance'
tar: Ignoring unknown extended header keyword 'LIBARCHIVE.xattr.com.apple.provenance'
tar: Ignoring unknown extended header keyword 'LIBARCHIVE.xattr.com.apple.provenance'
tar: Ignoring unknown extended header keyword 'LIBARCHIVE.xattr.com.apple.provenance'
tar: Ignoring unknown extended header keyword 'LIBARCHIVE.xattr.com.apple.provenance'
tar: Ignoring unknown extended header keyword 'LIBARCHIVE.xattr.com.apple.provenance'
tar: Ignoring unknown extended header keyword 'LIBARCHIVE.xattr.com.apple.provenance'
tar: Ignoring unknown extended header keyword 'LIBARCHIVE.xattr.com.apple.provenance'
tar: Ignoring unknown extended header keyword 'LIBARCHIVE.xattr.com.apple.provenance'
tar: Ignoring unknown extended header keyword 'LIBARCHIVE.xattr.com.apple.provenance'
tar: Ignoring unknown extended header keyword 'LIBARCHIVE.xattr.com.apple.provenance'
tar: Ignoring unknown extended header keyword 'LIBARCHIVE.xattr.com.apple.provenance'
tar: Ignoring unknown extended header keyword 'LIBARCHIVE.xattr.com.apple.provenance'
tar: Ignoring unknown extended header keyword 'LIBARCHIVE.xattr.com.apple.provenance'
tar: Ignoring unknown extended header keyword 'LIBARCHIVE.xattr.com.apple.provenance'
tar: Ignoring unknown extended header keyword 'LIBARCHIVE.xattr.com.apple.provenance'
tar: Ignoring unknown extended header keyword 'LIBARCHIVE.xattr.com.apple.provenance'
tar: Ignoring unknown extended header keyword 'LIBARCHIVE.xattr.com.apple.provenance'
tar: Ignoring unknown extended header keyword 'LIBARCHIVE.xattr.com.apple.provenance'
tar: Ignoring unknown extended header keyword 'LIBARCHIVE.xattr.com.apple.provenance'
tar: Ignoring unknown extended header keyword 'LIBARCHIVE.xattr.com.apple.provenance'
tar: Ignoring unknown extended header keyword 'LIBARCHIVE.xattr.com.apple.provenance'
tar: Ignoring unknown extended header keyword 'LIBARCHIVE.xattr.com.apple.provenance'
tar: Ignoring unknown extended header keyword 'LIBARCHIVE.xattr.com.apple.provenance'
tar: Ignoring unknown extended header keyword 'LIBARCHIVE.xattr.com.apple.provenance'
tar: Ignoring unknown extended header keyword 'LIBARCHIVE.xattr.com.apple.provenance'
tar: Ignoring unknown extended header keyword 'LIBARCHIVE.xattr.com.apple.provenance'
tar: Ignoring unknown extended header keyword 'LIBARCHIVE.xattr.com.apple.provenance'
tar: Ignoring unknown extended header keyword 'LIBARCHIVE.xattr.com.apple.provenance'
tar: Ignoring unknown extended header keyword 'LIBARCHIVE.xattr.com.apple.provenance'
tar: Ignoring unknown extended header keyword 'LIBARCHIVE.xattr.com.apple.provenance'
tar: Ignoring unknown extended header keyword 'LIBARCHIVE.xattr.com.apple.provenance'
tar: Ignoring unknown extended header keyword 'LIBARCHIVE.xattr.com.apple.provenance'
tar: Ignoring unknown extended header keyword 'LIBARCHIVE.xattr.com.apple.provenance'
tar: Ignoring unknown extended header keyword 'LIBARCHIVE.xattr.com.apple.provenance'
tar: Ignoring unknown extended header keyword 'LIBARCHIVE.xattr.com.apple.provenance'
tar: Ignoring unknown extended header keyword 'LIBARCHIVE.xattr.com.apple.provenance'
tar: Ignoring unknown extended header keyword 'LIBARCHIVE.xattr.com.apple.provenance'
tar: Ignoring unknown extended header keyword 'LIBARCHIVE.xattr.com.apple.provenance'
tar: Ignoring unknown extended header keyword 'LIBARCHIVE.xattr.com.apple.provenance'
tar: Ignoring unknown extended header keyword 'LIBARCHIVE.xattr.com.apple.provenance'
tar: Ignoring unknown extended header keyword 'LIBARCHIVE.xattr.com.apple.provenance'
tar: Ignoring unknown extended header keyword 'LIBARCHIVE.xattr.com.apple.provenance'
tar: Ignoring unknown extended header keyword 'LIBARCHIVE.xattr.com.apple.provenance'
tar: Ignoring unknown extended header keyword 'LIBARCHIVE.xattr.com.apple.provenance'
tar: Ignoring unknown extended header keyword 'LIBARCHIVE.xattr.com.apple.provenance'
tar: Ignoring unknown extended header keyword 'LIBARCHIVE.xattr.com.apple.provenance'
tar: Ignoring unknown extended header keyword 'LIBARCHIVE.xattr.com.apple.provenance'
tar: Ignoring unknown extended header keyword 'LIBARCHIVE.xattr.com.apple.provenance'
tar: Ignoring unknown extended header keyword 'LIBARCHIVE.xattr.com.apple.provenance'
tar: Ignoring unknown extended header keyword 'LIBARCHIVE.xattr.com.apple.provenance'
tar: Ignoring unknown extended header keyword 'LIBARCHIVE.xattr.com.apple.provenance'
tar: Ignoring unknown extended header keyword 'LIBARCHIVE.xattr.com.apple.provenance'
tar: Ignoring unknown extended header keyword 'LIBARCHIVE.xattr.com.apple.provenance'
tar: Ignoring unknown extended header keyword 'LIBARCHIVE.xattr.com.apple.provenance'
tar: Ignoring unknown extended header keyword 'LIBARCHIVE.xattr.com.apple.provenance'
tar: Ignoring unknown extended header keyword 'LIBARCHIVE.xattr.com.apple.provenance'
tar: Ignoring unknown extended header keyword 'LIBARCHIVE.xattr.com.apple.provenance'
tar: Ignoring unknown extended header keyword 'LIBARCHIVE.xattr.com.apple.provenance'
tar: Ignoring unknown extended header keyword 'LIBARCHIVE.xattr.com.apple.provenance'
tar: Ignoring unknown extended header keyword 'LIBARCHIVE.xattr.com.apple.provenance'
tar: Ignoring unknown extended header keyword 'LIBARCHIVE.xattr.com.apple.provenance'
tar: Ignoring unknown extended header keyword 'LIBARCHIVE.xattr.com.apple.provenance'
tar: Ignoring unknown extended header keyword 'LIBARCHIVE.xattr.com.apple.provenance'
tar: Ignoring unknown extended header keyword 'LIBARCHIVE.xattr.com.apple.provenance'
tar: Ignoring unknown extended header keyword 'LIBARCHIVE.xattr.com.apple.provenance'
tar: Ignoring unknown extended header keyword 'LIBARCHIVE.xattr.com.apple.provenance'
tar: Ignoring unknown extended header keyword 'LIBARCHIVE.xattr.com.apple.provenance'
tar: Ignoring unknown extended header keyword 'LIBARCHIVE.xattr.com.apple.provenance'
tar: Ignoring unknown extended header keyword 'LIBARCHIVE.xattr.com.apple.provenance'
tar: Ignoring unknown extended header keyword 'LIBARCHIVE.xattr.com.apple.provenance'
tar: Ignoring unknown extended header keyword 'LIBARCHIVE.xattr.com.apple.provenance'
tar: Ignoring unknown extended header keyword 'LIBARCHIVE.xattr.com.apple.provenance'
tar: Ignoring unknown extended header keyword 'LIBARCHIVE.xattr.com.apple.provenance'
tar: Ignoring unknown extended header keyword 'LIBARCHIVE.xattr.com.apple.provenance'
tar: Ignoring unknown extended header keyword 'LIBARCHIVE.xattr.com.apple.provenance'
tar: Ignoring unknown extended header keyword 'LIBARCHIVE.xattr.com.apple.provenance'
tar: Ignoring unknown extended header keyword 'LIBARCHIVE.xattr.com.apple.provenance'
tar: Ignoring unknown extended header keyword 'LIBARCHIVE.xattr.com.apple.provenance'
tar: Ignoring unknown extended header keyword 'LIBARCHIVE.xattr.com.apple.provenance'
tar: Ignoring unknown extended header keyword 'LIBARCHIVE.xattr.com.apple.provenance'
tar: Ignoring unknown extended header keyword 'LIBARCHIVE.xattr.com.apple.provenance'
tar: Ignoring unknown extended header keyword 'LIBARCHIVE.xattr.com.apple.provenance'
tar: Ignoring unknown extended header keyword 'LIBARCHIVE.xattr.com.apple.provenance'
tar: Ignoring unknown extended header keyword 'LIBARCHIVE.xattr.com.apple.provenance'
tar: Ignoring unknown extended header keyword 'LIBARCHIVE.xattr.com.apple.provenance'
tar: Ignoring unknown extended header keyword 'LIBARCHIVE.xattr.com.apple.provenance'
tar: Ignoring unknown extended header keyword 'LIBARCHIVE.xattr.com.apple.provenance'
tar: Ignoring unknown extended header keyword 'LIBARCHIVE.xattr.com.apple.provenance'
tar: Ignoring unknown extended header keyword 'LIBARCHIVE.xattr.com.apple.provenance'
tar: Ignoring unknown extended header keyword 'LIBARCHIVE.xattr.com.apple.provenance'
tar: Ignoring unknown extended header keyword 'LIBARCHIVE.xattr.com.apple.provenance'
tar: Ignoring unknown extended header keyword 'LIBARCHIVE.xattr.com.apple.provenance'
tar: Ignoring unknown extended header keyword 'LIBARCHIVE.xattr.com.apple.provenance'
tar: Ignoring unknown extended header keyword 'LIBARCHIVE.xattr.com.apple.provenance'
tar: Ignoring unknown extended header keyword 'LIBARCHIVE.xattr.com.apple.provenance'
tar: Ignoring unknown extended header keyword 'LIBARCHIVE.xattr.com.apple.provenance'
tar: Ignoring unknown extended header keyword 'LIBARCHIVE.xattr.com.apple.provenance'
tar: Ignoring unknown extended header keyword 'LIBARCHIVE.xattr.com.apple.provenance'
tar: Ignoring unknown extended header keyword 'LIBARCHIVE.xattr.com.apple.provenance'
tar: Ignoring unknown extended header keyword 'LIBARCHIVE.xattr.com.apple.provenance'
tar: Ignoring unknown extended header keyword 'LIBARCHIVE.xattr.com.apple.provenance'
tar: Ignoring unknown extended header keyword 'LIBARCHIVE.xattr.com.apple.provenance'
tar: Ignoring unknown extended header keyword 'LIBARCHIVE.xattr.com.apple.provenance'
tar: Ignoring unknown extended header keyword 'LIBARCHIVE.xattr.com.apple.provenance'
tar: Ignoring unknown extended header keyword 'LIBARCHIVE.xattr.com.apple.provenance'
tar: Ignoring unknown extended header keyword 'LIBARCHIVE.xattr.com.apple.provenance'
tar: Ignoring unknown extended header keyword 'LIBARCHIVE.xattr.com.apple.provenance'
tar: Ignoring unknown extended header keyword 'LIBARCHIVE.xattr.com.apple.provenance'
tar: Ignoring unknown extended header keyword 'LIBARCHIVE.xattr.com.apple.provenance'
tar: Ignoring unknown extended header keyword 'LIBARCHIVE.xattr.com.apple.provenance'
tar: Ignoring unknown extended header keyword 'LIBARCHIVE.xattr.com.apple.provenance'
tar: Ignoring unknown extended header keyword 'LIBARCHIVE.xattr.com.apple.provenance'
tar: Ignoring unknown extended header keyword 'LIBARCHIVE.xattr.com.apple.provenance'
tar: Ignoring unknown extended header keyword 'LIBARCHIVE.xattr.com.apple.provenance'
tar: Ignoring unknown extended header keyword 'LIBARCHIVE.xattr.com.apple.provenance'
tar: Ignoring unknown extended header keyword 'LIBARCHIVE.xattr.com.apple.provenance'
tar: Ignoring unknown extended header keyword 'LIBARCHIVE.xattr.com.apple.provenance'
tar: Ignoring unknown extended header keyword 'LIBARCHIVE.xattr.com.apple.provenance'
tar: Ignoring unknown extended header keyword 'LIBARCHIVE.xattr.com.apple.provenance'
tar: Ignoring unknown extended header keyword 'LIBARCHIVE.xattr.com.apple.provenance'
tar: Ignoring unknown extended header keyword 'LIBARCHIVE.xattr.com.apple.provenance'
tar: Ignoring unknown extended header keyword 'LIBARCHIVE.xattr.com.apple.provenance'
tar: Ignoring unknown extended header keyword 'LIBARCHIVE.xattr.com.apple.provenance'
tar: Ignoring unknown extended header keyword 'LIBARCHIVE.xattr.com.apple.provenance'
tar: Ignoring unknown extended header keyword 'LIBARCHIVE.xattr.com.apple.provenance'
tar: Ignoring unknown extended header keyword 'LIBARCHIVE.xattr.com.apple.provenance'
tar: Ignoring unknown extended header keyword 'LIBARCHIVE.xattr.com.apple.provenance'
tar: Ignoring unknown extended header keyword 'LIBARCHIVE.xattr.com.apple.provenance'
tar: Ignoring unknown extended header keyword 'LIBARCHIVE.xattr.com.apple.provenance'
tar: Ignoring unknown extended header keyword 'LIBARCHIVE.xattr.com.apple.provenance'
tar: Ignoring unknown extended header keyword 'LIBARCHIVE.xattr.com.apple.provenance'
tar: Ignoring unknown extended header keyword 'LIBARCHIVE.xattr.com.apple.provenance'
tar: Ignoring unknown extended header keyword 'LIBARCHIVE.xattr.com.apple.provenance'
tar: Ignoring unknown extended header keyword 'LIBARCHIVE.xattr.com.apple.provenance'
tar: Ignoring unknown extended header keyword 'LIBARCHIVE.xattr.com.apple.provenance'
tar: Ignoring unknown extended header keyword 'LIBARCHIVE.xattr.com.apple.provenance'
tar: Ignoring unknown extended header keyword 'LIBARCHIVE.xattr.com.apple.provenance'
tar: Ignoring unknown extended header keyword 'LIBARCHIVE.xattr.com.apple.provenance'
tar: Ignoring unknown extended header keyword 'LIBARCHIVE.xattr.com.apple.provenance'
tar: Ignoring unknown extended header keyword 'LIBARCHIVE.xattr.com.apple.provenance'
tar: Ignoring unknown extended header keyword 'LIBARCHIVE.xattr.com.apple.provenance'
tar: Ignoring unknown extended header keyword 'LIBARCHIVE.xattr.com.apple.provenance'
tar: Ignoring unknown extended header keyword 'LIBARCHIVE.xattr.com.apple.provenance'
tar: Ignoring unknown extended header keyword 'LIBARCHIVE.xattr.com.apple.provenance'
tar: Ignoring unknown extended header keyword 'LIBARCHIVE.xattr.com.apple.provenance'
tar: Ignoring unknown extended header keyword 'LIBARCHIVE.xattr.com.apple.provenance'
tar: Ignoring unknown extended header keyword 'LIBARCHIVE.xattr.com.apple.provenance'
tar: Ignoring unknown extended header keyword 'LIBARCHIVE.xattr.com.apple.provenance'
tar: Ignoring unknown extended header keyword 'LIBARCHIVE.xattr.com.apple.provenance'
tar: Ignoring unknown extended header keyword 'LIBARCHIVE.xattr.com.apple.provenance'
tar: Ignoring unknown extended header keyword 'LIBARCHIVE.xattr.com.apple.provenance'
tar: Ignoring unknown extended header keyword 'LIBARCHIVE.xattr.com.apple.provenance'
tar: Ignoring unknown extended header keyword 'LIBARCHIVE.xattr.com.apple.provenance'
tar: Ignoring unknown extended header keyword 'LIBARCHIVE.xattr.com.apple.provenance'
tar: Ignoring unknown extended header keyword 'LIBARCHIVE.xattr.com.apple.provenance'
tar: Ignoring unknown extended header keyword 'LIBARCHIVE.xattr.com.apple.provenance'
tar: Ignoring unknown extended header keyword 'LIBARCHIVE.xattr.com.apple.provenance'
tar: Ignoring unknown extended header keyword 'LIBARCHIVE.xattr.com.apple.provenance'
tar: Ignoring unknown extended header keyword 'LIBARCHIVE.xattr.com.apple.provenance'
tar: Ignoring unknown extended header keyword 'LIBARCHIVE.xattr.com.apple.provenance'
tar: Ignoring unknown extended header keyword 'LIBARCHIVE.xattr.com.apple.provenance'
tar: Ignoring unknown extended header keyword 'LIBARCHIVE.xattr.com.apple.provenance'
tar: Ignoring unknown extended header keyword 'LIBARCHIVE.xattr.com.apple.provenance'
tar: Ignoring unknown extended header keyword 'LIBARCHIVE.xattr.com.apple.provenance'
tar: Ignoring unknown extended header keyword 'LIBARCHIVE.xattr.com.apple.provenance'
tar: Ignoring unknown extended header keyword 'LIBARCHIVE.xattr.com.apple.provenance'
tar: Ignoring unknown extended header keyword 'LIBARCHIVE.xattr.com.apple.provenance'
tar: Ignoring unknown extended header keyword 'LIBARCHIVE.xattr.com.apple.provenance'
tar: Ignoring unknown extended header keyword 'LIBARCHIVE.xattr.com.apple.provenance'
tar: Ignoring unknown extended header keyword 'LIBARCHIVE.xattr.com.apple.provenance'
tar: Ignoring unknown extended header keyword 'LIBARCHIVE.xattr.com.apple.provenance'
tar: Ignoring unknown extended header keyword 'LIBARCHIVE.xattr.com.apple.provenance'
tar: Ignoring unknown extended header keyword 'LIBARCHIVE.xattr.com.apple.provenance'
tar: Ignoring unknown extended header keyword 'LIBARCHIVE.xattr.com.apple.provenance'
tar: Ignoring unknown extended header keyword 'LIBARCHIVE.xattr.com.apple.provenance'
tar: Ignoring unknown extended header keyword 'LIBARCHIVE.xattr.com.apple.provenance'
tar: Ignoring unknown extended header keyword 'LIBARCHIVE.xattr.com.apple.provenance'
tar: Ignoring unknown extended header keyword 'LIBARCHIVE.xattr.com.apple.provenance'
tar: Ignoring unknown extended header keyword 'LIBARCHIVE.xattr.com.apple.provenance'
tar: Ignoring unknown extended header keyword 'LIBARCHIVE.xattr.com.apple.provenance'
tar: Ignoring unknown extended header keyword 'LIBARCHIVE.xattr.com.apple.provenance'
tar: Ignoring unknown extended header keyword 'LIBARCHIVE.xattr.com.apple.provenance'
tar: Ignoring unknown extended header keyword 'LIBARCHIVE.xattr.com.apple.provenance'
tar: Ignoring unknown extended header keyword 'LIBARCHIVE.xattr.com.apple.provenance'
tar: Ignoring unknown extended header keyword 'LIBARCHIVE.xattr.com.apple.provenance'
tar: Ignoring unknown extended header keyword 'LIBARCHIVE.xattr.com.apple.provenance'
tar: Ignoring unknown extended header keyword 'LIBARCHIVE.xattr.com.apple.provenance'
tar: Ignoring unknown extended header keyword 'LIBARCHIVE.xattr.com.apple.provenance'
tar: Ignoring unknown extended header keyword 'LIBARCHIVE.xattr.com.apple.provenance'
tar: Ignoring unknown extended header keyword 'LIBARCHIVE.xattr.com.apple.provenance'
tar: Ignoring unknown extended header keyword 'LIBARCHIVE.xattr.com.apple.provenance'
tar: Ignoring unknown extended header keyword 'LIBARCHIVE.xattr.com.apple.provenance'
tar: Ignoring unknown extended header keyword 'LIBARCHIVE.xattr.com.apple.provenance'
tar: Ignoring unknown extended header keyword 'LIBARCHIVE.xattr.com.apple.provenance'
tar: Ignoring unknown extended header keyword 'LIBARCHIVE.xattr.com.apple.provenance'
tar: Ignoring unknown extended header keyword 'LIBARCHIVE.xattr.com.apple.provenance'
tar: Ignoring unknown extended header keyword 'LIBARCHIVE.xattr.com.apple.provenance'
tar: Ignoring unknown extended header keyword 'LIBARCHIVE.xattr.com.apple.provenance'
tar: Ignoring unknown extended header keyword 'LIBARCHIVE.xattr.com.apple.provenance'
tar: Ignoring unknown extended header keyword 'LIBARCHIVE.xattr.com.apple.provenance'
tar: Ignoring unknown extended header keyword 'LIBARCHIVE.xattr.com.apple.provenance'
tar: Ignoring unknown extended header keyword 'LIBARCHIVE.xattr.com.apple.provenance'
tar: Ignoring unknown extended header keyword 'LIBARCHIVE.xattr.com.apple.provenance'
tar: Ignoring unknown extended header keyword 'LIBARCHIVE.xattr.com.apple.provenance'
tar: Ignoring unknown extended header keyword 'LIBARCHIVE.xattr.com.apple.provenance'
tar: Ignoring unknown extended header keyword 'LIBARCHIVE.xattr.com.apple.provenance'
tar: Ignoring unknown extended header keyword 'LIBARCHIVE.xattr.com.apple.provenance'
tar: Ignoring unknown extended header keyword 'LIBARCHIVE.xattr.com.apple.provenance'
tar: Ignoring unknown extended header keyword 'LIBARCHIVE.xattr.com.apple.provenance'
tar: Ignoring unknown extended header keyword 'LIBARCHIVE.xattr.com.apple.provenance'
tar: Ignoring unknown extended header keyword 'LIBARCHIVE.xattr.com.apple.provenance'
tar: Ignoring unknown extended header keyword 'LIBARCHIVE.xattr.com.apple.provenance'
tar: Ignoring unknown extended header keyword 'LIBARCHIVE.xattr.com.apple.provenance'
tar: Ignoring unknown extended header keyword 'LIBARCHIVE.xattr.com.apple.provenance'
tar: Ignoring unknown extended header keyword 'LIBARCHIVE.xattr.com.apple.provenance'
tar: Ignoring unknown extended header keyword 'LIBARCHIVE.xattr.com.apple.provenance'
tar: Ignoring unknown extended header keyword 'LIBARCHIVE.xattr.com.apple.provenance'
tar: Ignoring unknown extended header keyword 'LIBARCHIVE.xattr.com.apple.provenance'
tar: Ignoring unknown extended header keyword 'LIBARCHIVE.xattr.com.apple.provenance'
tar: Ignoring unknown extended header keyword 'LIBARCHIVE.xattr.com.apple.provenance'
tar: Ignoring unknown extended header keyword 'LIBARCHIVE.xattr.com.apple.provenance'
tar: Ignoring unknown extended header keyword 'LIBARCHIVE.xattr.com.apple.provenance'
tar: Ignoring unknown extended header keyword 'LIBARCHIVE.xattr.com.apple.provenance'
tar: Ignoring unknown extended header keyword 'LIBARCHIVE.xattr.com.apple.provenance'
tar: Ignoring unknown extended header keyword 'LIBARCHIVE.xattr.com.apple.provenance'
tar: Ignoring unknown extended header keyword 'LIBARCHIVE.xattr.com.apple.provenance'
tar: Ignoring unknown extended header keyword 'LIBARCHIVE.xattr.com.apple.provenance'
tar: Ignoring unknown extended header keyword 'LIBARCHIVE.xattr.com.apple.provenance'
tar: Ignoring unknown extended header keyword 'LIBARCHIVE.xattr.com.apple.provenance'
tar: Ignoring unknown extended header keyword 'LIBARCHIVE.xattr.com.apple.provenance'
tar: Ignoring unknown extended header keyword 'LIBARCHIVE.xattr.com.apple.provenance'
tar: Ignoring unknown extended header keyword 'LIBARCHIVE.xattr.com.apple.provenance'
tar: Ignoring unknown extended header keyword 'LIBARCHIVE.xattr.com.apple.provenance'
tar: Ignoring unknown extended header keyword 'LIBARCHIVE.xattr.com.apple.provenance'
tar: Ignoring unknown extended header keyword 'LIBARCHIVE.xattr.com.apple.provenance'
tar: Ignoring unknown extended header keyword 'LIBARCHIVE.xattr.com.apple.provenance'
tar: Ignoring unknown extended header keyword 'LIBARCHIVE.xattr.com.apple.provenance'
tar: Ignoring unknown extended header keyword 'LIBARCHIVE.xattr.com.apple.provenance'
tar: Ignoring unknown extended header keyword 'LIBARCHIVE.xattr.com.apple.provenance'
tar: Ignoring unknown extended header keyword 'LIBARCHIVE.xattr.com.apple.provenance'
tar: Ignoring unknown extended header keyword 'LIBARCHIVE.xattr.com.apple.provenance'
tar: Ignoring unknown extended header keyword 'LIBARCHIVE.xattr.com.apple.provenance'
tar: Ignoring unknown extended header keyword 'LIBARCHIVE.xattr.com.apple.provenance'
tar: Ignoring unknown extended header keyword 'LIBARCHIVE.xattr.com.apple.provenance'
tar: Ignoring unknown extended header keyword 'LIBARCHIVE.xattr.com.apple.provenance'
tar: Ignoring unknown extended header keyword 'LIBARCHIVE.xattr.com.apple.provenance'
tar: Ignoring unknown extended header keyword 'LIBARCHIVE.xattr.com.apple.provenance'
tar: Ignoring unknown extended header keyword 'LIBARCHIVE.xattr.com.apple.provenance'
tar: Ignoring unknown extended header keyword 'LIBARCHIVE.xattr.com.apple.provenance'
tar: Ignoring unknown extended header keyword 'LIBARCHIVE.xattr.com.apple.provenance'
tar: Ignoring unknown extended header keyword 'LIBARCHIVE.xattr.com.apple.provenance'
tar: Ignoring unknown extended header keyword 'LIBARCHIVE.xattr.com.apple.provenance'
tar: Ignoring unknown extended header keyword 'LIBARCHIVE.xattr.com.apple.provenance'
tar: Ignoring unknown extended header keyword 'LIBARCHIVE.xattr.com.apple.provenance'
tar: Ignoring unknown extended header keyword 'LIBARCHIVE.xattr.com.apple.provenance'
tar: Ignoring unknown extended header keyword 'LIBARCHIVE.xattr.com.apple.provenance'
tar: Ignoring unknown extended header keyword 'LIBARCHIVE.xattr.com.apple.provenance'
tar: Ignoring unknown extended header keyword 'LIBARCHIVE.xattr.com.apple.provenance'
tar: Ignoring unknown extended header keyword 'LIBARCHIVE.xattr.com.apple.provenance'
tar: Ignoring unknown extended header keyword 'LIBARCHIVE.xattr.com.apple.provenance'
tar: Ignoring unknown extended header keyword 'LIBARCHIVE.xattr.com.apple.provenance'
tar: Ignoring unknown extended header keyword 'LIBARCHIVE.xattr.com.apple.provenance'
tar: Ignoring unknown extended header keyword 'LIBARCHIVE.xattr.com.apple.provenance'
tar: Ignoring unknown extended header keyword 'LIBARCHIVE.xattr.com.apple.provenance'
tar: Ignoring unknown extended header keyword 'LIBARCHIVE.xattr.com.apple.provenance'
tar: Ignoring unknown extended header keyword 'LIBARCHIVE.xattr.com.apple.provenance'
tar: Ignoring unknown extended header keyword 'LIBARCHIVE.xattr.com.apple.provenance'
tar: Ignoring unknown extended header keyword 'LIBARCHIVE.xattr.com.apple.provenance'
tar: Ignoring unknown extended header keyword 'LIBARCHIVE.xattr.com.apple.provenance'
tar: Ignoring unknown extended header keyword 'LIBARCHIVE.xattr.com.apple.provenance'
tar: Ignoring unknown extended header keyword 'LIBARCHIVE.xattr.com.apple.provenance'
tar: Ignoring unknown extended header keyword 'LIBARCHIVE.xattr.com.apple.provenance'
tar: Ignoring unknown extended header keyword 'LIBARCHIVE.xattr.com.apple.provenance'
tar: Ignoring unknown extended header keyword 'LIBARCHIVE.xattr.com.apple.provenance'
tar: Ignoring unknown extended header keyword 'LIBARCHIVE.xattr.com.apple.provenance'
tar: Ignoring unknown extended header keyword 'LIBARCHIVE.xattr.com.apple.provenance'
tar: Ignoring unknown extended header keyword 'LIBARCHIVE.xattr.com.apple.provenance'
tar: Ignoring unknown extended header keyword 'LIBARCHIVE.xattr.com.apple.provenance'
tar: Ignoring unknown extended header keyword 'LIBARCHIVE.xattr.com.apple.provenance'
tar: Ignoring unknown extended header keyword 'LIBARCHIVE.xattr.com.apple.provenance'
tar: Ignoring unknown extended header keyword 'LIBARCHIVE.xattr.com.apple.provenance'
tar: Ignoring unknown extended header keyword 'LIBARCHIVE.xattr.com.apple.provenance'
tar: Ignoring unknown extended header keyword 'LIBARCHIVE.xattr.com.apple.provenance'
tar: Ignoring unknown extended header keyword 'LIBARCHIVE.xattr.com.apple.provenance'
tar: Ignoring unknown extended header keyword 'LIBARCHIVE.xattr.com.apple.provenance'
tar: Ignoring unknown extended header keyword 'LIBARCHIVE.xattr.com.apple.provenance'
tar: Ignoring unknown extended header keyword 'LIBARCHIVE.xattr.com.apple.provenance'
tar: Ignoring unknown extended header keyword 'LIBARCHIVE.xattr.com.apple.provenance'
tar: Ignoring unknown extended header keyword 'LIBARCHIVE.xattr.com.apple.provenance'
tar: Ignoring unknown extended header keyword 'LIBARCHIVE.xattr.com.apple.provenance'
tar: Ignoring unknown extended header keyword 'LIBARCHIVE.xattr.com.apple.provenance'
tar: Ignoring unknown extended header keyword 'LIBARCHIVE.xattr.com.apple.provenance'
tar: Ignoring unknown extended header keyword 'LIBARCHIVE.xattr.com.apple.provenance'
tar: Ignoring unknown extended header keyword 'LIBARCHIVE.xattr.com.apple.provenance'
tar: Ignoring unknown extended header keyword 'LIBARCHIVE.xattr.com.apple.provenance'
tar: Ignoring unknown extended header keyword 'LIBARCHIVE.xattr.com.apple.provenance'
tar: Ignoring unknown extended header keyword 'LIBARCHIVE.xattr.com.apple.provenance'
tar: Ignoring unknown extended header keyword 'LIBARCHIVE.xattr.com.apple.provenance'
tar: Ignoring unknown extended header keyword 'LIBARCHIVE.xattr.com.apple.provenance'
tar: Ignoring unknown extended header keyword 'LIBARCHIVE.xattr.com.apple.provenance'
tar: Ignoring unknown extended header keyword 'LIBARCHIVE.xattr.com.apple.provenance'
tar: Ignoring unknown extended header keyword 'LIBARCHIVE.xattr.com.apple.provenance'
tar: Ignoring unknown extended header keyword 'LIBARCHIVE.xattr.com.apple.provenance'
tar: Ignoring unknown extended header keyword 'LIBARCHIVE.xattr.com.apple.provenance'
tar: Ignoring unknown extended header keyword 'LIBARCHIVE.xattr.com.apple.provenance'
tar: Ignoring unknown extended header keyword 'LIBARCHIVE.xattr.com.apple.provenance'
tar: Ignoring unknown extended header keyword 'LIBARCHIVE.xattr.com.apple.provenance'
tar: Ignoring unknown extended header keyword 'LIBARCHIVE.xattr.com.apple.provenance'
tar: Ignoring unknown extended header keyword 'LIBARCHIVE.xattr.com.apple.provenance'
tar: Ignoring unknown extended header keyword 'LIBARCHIVE.xattr.com.apple.provenance'
tar: Ignoring unknown extended header keyword 'LIBARCHIVE.xattr.com.apple.provenance'
tar: Ignoring unknown extended header keyword 'LIBARCHIVE.xattr.com.apple.provenance'
tar: Ignoring unknown extended header keyword 'LIBARCHIVE.xattr.com.apple.provenance'
tar: Ignoring unknown extended header keyword 'LIBARCHIVE.xattr.com.apple.provenance'
tar: Ignoring unknown extended header keyword 'LIBARCHIVE.xattr.com.apple.provenance'
tar: Ignoring unknown extended header keyword 'LIBARCHIVE.xattr.com.apple.provenance'
tar: Ignoring unknown extended header keyword 'LIBARCHIVE.xattr.com.apple.provenance'
tar: Ignoring unknown extended header keyword 'LIBARCHIVE.xattr.com.apple.provenance'
tar: Ignoring unknown extended header keyword 'LIBARCHIVE.xattr.com.apple.provenance'
tar: Ignoring unknown extended header keyword 'LIBARCHIVE.xattr.com.apple.provenance'
tar: Ignoring unknown extended header keyword 'LIBARCHIVE.xattr.com.apple.provenance'
tar: Ignoring unknown extended header keyword 'LIBARCHIVE.xattr.com.apple.provenance'
tar: Ignoring unknown extended header keyword 'LIBARCHIVE.xattr.com.apple.provenance'
tar: Ignoring unknown extended header keyword 'LIBARCHIVE.xattr.com.apple.provenance'
tar: Ignoring unknown extended header keyword 'LIBARCHIVE.xattr.com.apple.provenance'
tar: Ignoring unknown extended header keyword 'LIBARCHIVE.xattr.com.apple.provenance'
tar: Ignoring unknown extended header keyword 'LIBARCHIVE.xattr.com.apple.provenance'
tar: Ignoring unknown extended header keyword 'LIBARCHIVE.xattr.com.apple.provenance'
tar: Ignoring unknown extended header keyword 'LIBARCHIVE.xattr.com.apple.provenance'
tar: Ignoring unknown extended header keyword 'LIBARCHIVE.xattr.com.apple.provenance'
tar: Ignoring unknown extended header keyword 'LIBARCHIVE.xattr.com.apple.provenance'
tar: Ignoring unknown extended header keyword 'LIBARCHIVE.xattr.com.apple.provenance'
tar: Ignoring unknown extended header keyword 'LIBARCHIVE.xattr.com.apple.provenance'
tar: Ignoring unknown extended header keyword 'LIBARCHIVE.xattr.com.apple.provenance'
tar: Ignoring unknown extended header keyword 'LIBARCHIVE.xattr.com.apple.provenance'
tar: Ignoring unknown extended header keyword 'LIBARCHIVE.xattr.com.apple.provenance'
tar: Ignoring unknown extended header keyword 'LIBARCHIVE.xattr.com.apple.provenance'
tar: Ignoring unknown extended header keyword 'LIBARCHIVE.xattr.com.apple.provenance'
tar: Ignoring unknown extended header keyword 'LIBARCHIVE.xattr.com.apple.provenance'
tar: Ignoring unknown extended header keyword 'LIBARCHIVE.xattr.com.apple.provenance'
tar: Ignoring unknown extended header keyword 'LIBARCHIVE.xattr.com.apple.provenance'
tar: Ignoring unknown extended header keyword 'LIBARCHIVE.xattr.com.apple.provenance'
tar: Ignoring unknown extended header keyword 'LIBARCHIVE.xattr.com.apple.provenance'
tar: Ignoring unknown extended header keyword 'LIBARCHIVE.xattr.com.apple.provenance'
tar: Ignoring unknown extended header keyword 'LIBARCHIVE.xattr.com.apple.provenance'
tar: Ignoring unknown extended header keyword 'LIBARCHIVE.xattr.com.apple.provenance'
tar: Ignoring unknown extended header keyword 'LIBARCHIVE.xattr.com.apple.provenance'
tar: Ignoring unknown extended header keyword 'LIBARCHIVE.xattr.com.apple.provenance'
tar: Ignoring unknown extended header keyword 'LIBARCHIVE.xattr.com.apple.provenance'
tar: Ignoring unknown extended header keyword 'LIBARCHIVE.xattr.com.apple.provenance'
tar: Ignoring unknown extended header keyword 'LIBARCHIVE.xattr.com.apple.provenance'
tar: Ignoring unknown extended header keyword 'LIBARCHIVE.xattr.com.apple.provenance'
tar: Ignoring unknown extended header keyword 'LIBARCHIVE.xattr.com.apple.provenance'
tar: Ignoring unknown extended header keyword 'LIBARCHIVE.xattr.com.apple.provenance'
tar: Ignoring unknown extended header keyword 'LIBARCHIVE.xattr.com.apple.provenance'
tar: Ignoring unknown extended header keyword 'LIBARCHIVE.xattr.com.apple.provenance'
tar: Ignoring unknown extended header keyword 'LIBARCHIVE.xattr.com.apple.provenance'
tar: Ignoring unknown extended header keyword 'LIBARCHIVE.xattr.com.apple.provenance'
tar: Ignoring unknown extended header keyword 'LIBARCHIVE.xattr.com.apple.provenance'
tar: Ignoring unknown extended header keyword 'LIBARCHIVE.xattr.com.apple.provenance'
tar: Ignoring unknown extended header keyword 'LIBARCHIVE.xattr.com.apple.provenance'
tar: Ignoring unknown extended header keyword 'LIBARCHIVE.xattr.com.apple.provenance'
tar: Ignoring unknown extended header keyword 'LIBARCHIVE.xattr.com.apple.provenance'
tar: Ignoring unknown extended header keyword 'LIBARCHIVE.xattr.com.apple.provenance'
tar: Ignoring unknown extended header keyword 'LIBARCHIVE.xattr.com.apple.provenance'
tar: Ignoring unknown extended header keyword 'LIBARCHIVE.xattr.com.apple.provenance'
tar: Ignoring unknown extended header keyword 'LIBARCHIVE.xattr.com.apple.provenance'
tar: Ignoring unknown extended header keyword 'LIBARCHIVE.xattr.com.apple.provenance'
tar: Ignoring unknown extended header keyword 'LIBARCHIVE.xattr.com.apple.provenance'
tar: Ignoring unknown extended header keyword 'LIBARCHIVE.xattr.com.apple.provenance'
tar: Ignoring unknown extended header keyword 'LIBARCHIVE.xattr.com.apple.provenance'
tar: Ignoring unknown extended header keyword 'LIBARCHIVE.xattr.com.apple.provenance'
tar: Ignoring unknown extended header keyword 'LIBARCHIVE.xattr.com.apple.provenance'
tar: Ignoring unknown extended header keyword 'LIBARCHIVE.xattr.com.apple.provenance'
tar: Ignoring unknown extended header keyword 'LIBARCHIVE.xattr.com.apple.provenance'
tar: Ignoring unknown extended header keyword 'LIBARCHIVE.xattr.com.apple.provenance'
tar: Ignoring unknown extended header keyword 'LIBARCHIVE.xattr.com.apple.provenance'
tar: Ignoring unknown extended header keyword 'LIBARCHIVE.xattr.com.apple.provenance'
tar: Ignoring unknown extended header keyword 'LIBARCHIVE.xattr.com.apple.provenance'
tar: Ignoring unknown extended header keyword 'LIBARCHIVE.xattr.com.apple.provenance'
tar: Ignoring unknown extended header keyword 'LIBARCHIVE.xattr.com.apple.provenance'
tar: Ignoring unknown extended header keyword 'LIBARCHIVE.xattr.com.apple.provenance'
tar: Ignoring unknown extended header keyword 'LIBARCHIVE.xattr.com.apple.provenance'
tar: Ignoring unknown extended header keyword 'LIBARCHIVE.xattr.com.apple.provenance'
tar: Ignoring unknown extended header keyword 'LIBARCHIVE.xattr.com.apple.provenance'
tar: Ignoring unknown extended header keyword 'LIBARCHIVE.xattr.com.apple.provenance'
tar: Ignoring unknown extended header keyword 'LIBARCHIVE.xattr.com.apple.provenance'
tar: Ignoring unknown extended header keyword 'LIBARCHIVE.xattr.com.apple.provenance'
tar: Ignoring unknown extended header keyword 'LIBARCHIVE.xattr.com.apple.provenance'
tar: Ignoring unknown extended header keyword 'LIBARCHIVE.xattr.com.apple.provenance'
tar: Ignoring unknown extended header keyword 'LIBARCHIVE.xattr.com.apple.provenance'
tar: Ignoring unknown extended header keyword 'LIBARCHIVE.xattr.com.apple.provenance'
tar: Ignoring unknown extended header keyword 'LIBARCHIVE.xattr.com.apple.provenance'
tar: Ignoring unknown extended header keyword 'LIBARCHIVE.xattr.com.apple.provenance'
tar: Ignoring unknown extended header keyword 'LIBARCHIVE.xattr.com.apple.provenance'
tar: Ignoring unknown extended header keyword 'LIBARCHIVE.xattr.com.apple.provenance'
tar: Ignoring unknown extended header keyword 'LIBARCHIVE.xattr.com.apple.provenance'
tar: Ignoring unknown extended header keyword 'LIBARCHIVE.xattr.com.apple.provenance'
tar: Ignoring unknown extended header keyword 'LIBARCHIVE.xattr.com.apple.provenance'
tar: Ignoring unknown extended header keyword 'LIBARCHIVE.xattr.com.apple.provenance'
tar: Ignoring unknown extended header keyword 'LIBARCHIVE.xattr.com.apple.provenance'
tar: Ignoring unknown extended header keyword 'LIBARCHIVE.xattr.com.apple.provenance'
tar: Ignoring unknown extended header keyword 'LIBARCHIVE.xattr.com.apple.provenance'
tar: Ignoring unknown extended header keyword 'LIBARCHIVE.xattr.com.apple.provenance'
tar: Ignoring unknown extended header keyword 'LIBARCHIVE.xattr.com.apple.provenance'
tar: Ignoring unknown extended header keyword 'LIBARCHIVE.xattr.com.apple.provenance'
tar: Ignoring unknown extended header keyword 'LIBARCHIVE.xattr.com.apple.provenance'
tar: Ignoring unknown extended header keyword 'LIBARCHIVE.xattr.com.apple.provenance'
tar: Ignoring unknown extended header keyword 'LIBARCHIVE.xattr.com.apple.provenance'
tar: Ignoring unknown extended header keyword 'LIBARCHIVE.xattr.com.apple.provenance'
tar: Ignoring unknown extended header keyword 'LIBARCHIVE.xattr.com.apple.provenance'
tar: Ignoring unknown extended header keyword 'LIBARCHIVE.xattr.com.apple.provenance'
tar: Ignoring unknown extended header keyword 'LIBARCHIVE.xattr.com.apple.provenance'
tar: Ignoring unknown extended header keyword 'LIBARCHIVE.xattr.com.apple.provenance'
tar: Ignoring unknown extended header keyword 'LIBARCHIVE.xattr.com.apple.provenance'
tar: Ignoring unknown extended header keyword 'LIBARCHIVE.xattr.com.apple.provenance'
tar: Ignoring unknown extended header keyword 'LIBARCHIVE.xattr.com.apple.provenance'
tar: Ignoring unknown extended header keyword 'LIBARCHIVE.xattr.com.apple.provenance'
tar: Ignoring unknown extended header keyword 'LIBARCHIVE.xattr.com.apple.provenance'
tar: Ignoring unknown extended header keyword 'LIBARCHIVE.xattr.com.apple.provenance'
tar: Ignoring unknown extended header keyword 'LIBARCHIVE.xattr.com.apple.provenance'
tar: Ignoring unknown extended header keyword 'LIBARCHIVE.xattr.com.apple.provenance'
tar: Ignoring unknown extended header keyword 'LIBARCHIVE.xattr.com.apple.provenance'
tar: Ignoring unknown extended header keyword 'LIBARCHIVE.xattr.com.apple.provenance'
tar: Ignoring unknown extended header keyword 'LIBARCHIVE.xattr.com.apple.provenance'
tar: Ignoring unknown extended header keyword 'LIBARCHIVE.xattr.com.apple.provenance'
tar: Ignoring unknown extended header keyword 'LIBARCHIVE.xattr.com.apple.provenance'
tar: Ignoring unknown extended header keyword 'LIBARCHIVE.xattr.com.apple.provenance'
tar: Ignoring unknown extended header keyword 'LIBARCHIVE.xattr.com.apple.provenance'
tar: Ignoring unknown extended header keyword 'LIBARCHIVE.xattr.com.apple.provenance'
tar: Ignoring unknown extended header keyword 'LIBARCHIVE.xattr.com.apple.provenance'
tar: Ignoring unknown extended header keyword 'LIBARCHIVE.xattr.com.apple.provenance'
tar: Ignoring unknown extended header keyword 'LIBARCHIVE.xattr.com.apple.provenance'
tar: Ignoring unknown extended header keyword 'LIBARCHIVE.xattr.com.apple.provenance'
tar: Ignoring unknown extended header keyword 'LIBARCHIVE.xattr.com.apple.provenance'
tar: Ignoring unknown extended header keyword 'LIBARCHIVE.xattr.com.apple.provenance'
tar: Ignoring unknown extended header keyword 'LIBARCHIVE.xattr.com.apple.provenance'
tar: Ignoring unknown extended header keyword 'LIBARCHIVE.xattr.com.apple.provenance'
tar: Ignoring unknown extended header keyword 'LIBARCHIVE.xattr.com.apple.provenance'
tar: Ignoring unknown extended header keyword 'LIBARCHIVE.xattr.com.apple.provenance'
tar: Ignoring unknown extended header keyword 'LIBARCHIVE.xattr.com.apple.provenance'
tar: Ignoring unknown extended header keyword 'LIBARCHIVE.xattr.com.apple.provenance'
tar: Ignoring unknown extended header keyword 'LIBARCHIVE.xattr.com.apple.provenance'
tar: Ignoring unknown extended header keyword 'LIBARCHIVE.xattr.com.apple.provenance'
tar: Ignoring unknown extended header keyword 'LIBARCHIVE.xattr.com.apple.provenance'
tar: Ignoring unknown extended header keyword 'LIBARCHIVE.xattr.com.apple.provenance'
tar: Ignoring unknown extended header keyword 'LIBARCHIVE.xattr.com.apple.provenance'
tar: Ignoring unknown extended header keyword 'LIBARCHIVE.xattr.com.apple.provenance'
tar: Ignoring unknown extended header keyword 'LIBARCHIVE.xattr.com.apple.provenance'
tar: Ignoring unknown extended header keyword 'LIBARCHIVE.xattr.com.apple.provenance'
tar: Ignoring unknown extended header keyword 'LIBARCHIVE.xattr.com.apple.provenance'
tar: Ignoring unknown extended header keyword 'LIBARCHIVE.xattr.com.apple.provenance'
tar: Ignoring unknown extended header keyword 'LIBARCHIVE.xattr.com.apple.provenance'
tar: Ignoring unknown extended header keyword 'LIBARCHIVE.xattr.com.apple.provenance'
tar: Ignoring unknown extended header keyword 'LIBARCHIVE.xattr.com.apple.provenance'
tar: Ignoring unknown extended header keyword 'LIBARCHIVE.xattr.com.apple.provenance'
tar: Ignoring unknown extended header keyword 'LIBARCHIVE.xattr.com.apple.provenance'
tar: Ignoring unknown extended header keyword 'LIBARCHIVE.xattr.com.apple.provenance'
tar: Ignoring unknown extended header keyword 'LIBARCHIVE.xattr.com.apple.provenance'
tar: Ignoring unknown extended header keyword 'LIBARCHIVE.xattr.com.apple.provenance'
tar: Ignoring unknown extended header keyword 'LIBARCHIVE.xattr.com.apple.provenance'
tar: Ignoring unknown extended header keyword 'LIBARCHIVE.xattr.com.apple.provenance'
tar: Ignoring unknown extended header keyword 'LIBARCHIVE.xattr.com.apple.provenance'
tar: Ignoring unknown extended header keyword 'LIBARCHIVE.xattr.com.apple.provenance'
tar: Ignoring unknown extended header keyword 'LIBARCHIVE.xattr.com.apple.provenance'
tar: Ignoring unknown extended header keyword 'LIBARCHIVE.xattr.com.apple.provenance'
tar: Ignoring unknown extended header keyword 'LIBARCHIVE.xattr.com.apple.provenance'
tar: Ignoring unknown extended header keyword 'LIBARCHIVE.xattr.com.apple.provenance'
tar: Ignoring unknown extended header keyword 'LIBARCHIVE.xattr.com.apple.provenance'
tar: Ignoring unknown extended header keyword 'LIBARCHIVE.xattr.com.apple.provenance'
tar: Ignoring unknown extended header keyword 'LIBARCHIVE.xattr.com.apple.provenance'
tar: Ignoring unknown extended header keyword 'LIBARCHIVE.xattr.com.apple.provenance'
tar: Ignoring unknown extended header keyword 'LIBARCHIVE.xattr.com.apple.provenance'
tar: Ignoring unknown extended header keyword 'LIBARCHIVE.xattr.com.apple.provenance'
tar: Ignoring unknown extended header keyword 'LIBARCHIVE.xattr.com.apple.provenance'
tar: Ignoring unknown extended header keyword 'LIBARCHIVE.xattr.com.apple.provenance'
tar: Ignoring unknown extended header keyword 'LIBARCHIVE.xattr.com.apple.provenance'
tar: Ignoring unknown extended header keyword 'LIBARCHIVE.xattr.com.apple.provenance'
tar: Ignoring unknown extended header keyword 'LIBARCHIVE.xattr.com.apple.provenance'
tar: Ignoring unknown extended header keyword 'LIBARCHIVE.xattr.com.apple.provenance'
tar: Ignoring unknown extended header keyword 'LIBARCHIVE.xattr.com.apple.provenance'
tar: Ignoring unknown extended header keyword 'LIBARCHIVE.xattr.com.apple.provenance'
tar: Ignoring unknown extended header keyword 'LIBARCHIVE.xattr.com.apple.provenance'
tar: Ignoring unknown extended header keyword 'LIBARCHIVE.xattr.com.apple.provenance'
tar: Ignoring unknown extended header keyword 'LIBARCHIVE.xattr.com.apple.provenance'
tar: Ignoring unknown extended header keyword 'LIBARCHIVE.xattr.com.apple.provenance'
tar: Ignoring unknown extended header keyword 'LIBARCHIVE.xattr.com.apple.provenance'
tar: Ignoring unknown extended header keyword 'LIBARCHIVE.xattr.com.apple.provenance'
tar: Ignoring unknown extended header keyword 'LIBARCHIVE.xattr.com.apple.provenance'
tar: Ignoring unknown extended header keyword 'LIBARCHIVE.xattr.com.apple.provenance'
tar: Ignoring unknown extended header keyword 'LIBARCHIVE.xattr.com.apple.provenance'
tar: Ignoring unknown extended header keyword 'LIBARCHIVE.xattr.com.apple.provenance'
tar: Ignoring unknown extended header keyword 'LIBARCHIVE.xattr.com.apple.provenance'
tar: Ignoring unknown extended header keyword 'LIBARCHIVE.xattr.com.apple.provenance'
tar: Ignoring unknown extended header keyword 'LIBARCHIVE.xattr.com.apple.provenance'
tar: Ignoring unknown extended header keyword 'LIBARCHIVE.xattr.com.apple.provenance'
tar: Ignoring unknown extended header keyword 'LIBARCHIVE.xattr.com.apple.provenance'
tar: Ignoring unknown extended header keyword 'LIBARCHIVE.xattr.com.apple.provenance'
tar: Ignoring unknown extended header keyword 'LIBARCHIVE.xattr.com.apple.provenance'
tar: Ignoring unknown extended header keyword 'LIBARCHIVE.xattr.com.apple.provenance'
tar: Ignoring unknown extended header keyword 'LIBARCHIVE.xattr.com.apple.provenance'
tar: Ignoring unknown extended header keyword 'LIBARCHIVE.xattr.com.apple.provenance'
tar: Ignoring unknown extended header keyword 'LIBARCHIVE.xattr.com.apple.provenance'
tar: Ignoring unknown extended header keyword 'LIBARCHIVE.xattr.com.apple.provenance'
tar: Ignoring unknown extended header keyword 'LIBARCHIVE.xattr.com.apple.provenance'
tar: Ignoring unknown extended header keyword 'LIBARCHIVE.xattr.com.apple.provenance'
tar: Ignoring unknown extended header keyword 'LIBARCHIVE.xattr.com.apple.provenance'
tar: Ignoring unknown extended header keyword 'LIBARCHIVE.xattr.com.apple.provenance'
tar: Ignoring unknown extended header keyword 'LIBARCHIVE.xattr.com.apple.provenance'
tar: Ignoring unknown extended header keyword 'LIBARCHIVE.xattr.com.apple.provenance'
tar: Ignoring unknown extended header keyword 'LIBARCHIVE.xattr.com.apple.provenance'
tar: Ignoring unknown extended header keyword 'LIBARCHIVE.xattr.com.apple.provenance'
tar: Ignoring unknown extended header keyword 'LIBARCHIVE.xattr.com.apple.provenance'
tar: Ignoring unknown extended header keyword 'LIBARCHIVE.xattr.com.apple.provenance'
tar: Ignoring unknown extended header keyword 'LIBARCHIVE.xattr.com.apple.provenance'
tar: Ignoring unknown extended header keyword 'LIBARCHIVE.xattr.com.apple.provenance'
tar: Ignoring unknown extended header keyword 'LIBARCHIVE.xattr.com.apple.provenance'
tar: Ignoring unknown extended header keyword 'LIBARCHIVE.xattr.com.apple.provenance'
tar: Ignoring unknown extended header keyword 'LIBARCHIVE.xattr.com.apple.provenance'
tar: Ignoring unknown extended header keyword 'LIBARCHIVE.xattr.com.apple.provenance'
tar: Ignoring unknown extended header keyword 'LIBARCHIVE.xattr.com.apple.provenance'
tar: Ignoring unknown extended header keyword 'LIBARCHIVE.xattr.com.apple.provenance'
tar: Ignoring unknown extended header keyword 'LIBARCHIVE.xattr.com.apple.provenance'
tar: Ignoring unknown extended header keyword 'LIBARCHIVE.xattr.com.apple.provenance'
tar: Ignoring unknown extended header keyword 'LIBARCHIVE.xattr.com.apple.provenance'
tar: Ignoring unknown extended header keyword 'LIBARCHIVE.xattr.com.apple.provenance'
tar: Ignoring unknown extended header keyword 'LIBARCHIVE.xattr.com.apple.provenance'
tar: Ignoring unknown extended header keyword 'LIBARCHIVE.xattr.com.apple.provenance'
tar: Ignoring unknown extended header keyword 'LIBARCHIVE.xattr.com.apple.provenance'
tar: Ignoring unknown extended header keyword 'LIBARCHIVE.xattr.com.apple.provenance'
tar: Ignoring unknown extended header keyword 'LIBARCHIVE.xattr.com.apple.provenance'
tar: Ignoring unknown extended header keyword 'LIBARCHIVE.xattr.com.apple.provenance'
tar: Ignoring unknown extended header keyword 'LIBARCHIVE.xattr.com.apple.provenance'
tar: Ignoring unknown extended header keyword 'LIBARCHIVE.xattr.com.apple.provenance'
tar: Ignoring unknown extended header keyword 'LIBARCHIVE.xattr.com.apple.provenance'
tar: Ignoring unknown extended header keyword 'LIBARCHIVE.xattr.com.apple.provenance'
tar: Ignoring unknown extended header keyword 'LIBARCHIVE.xattr.com.apple.provenance'
tar: Ignoring unknown extended header keyword 'LIBARCHIVE.xattr.com.apple.provenance'
tar: Ignoring unknown extended header keyword 'LIBARCHIVE.xattr.com.apple.provenance'
tar: Ignoring unknown extended header keyword 'LIBARCHIVE.xattr.com.apple.provenance'
tar: Ignoring unknown extended header keyword 'LIBARCHIVE.xattr.com.apple.provenance'
tar: Ignoring unknown extended header keyword 'LIBARCHIVE.xattr.com.apple.provenance'
tar: Ignoring unknown extended header keyword 'LIBARCHIVE.xattr.com.apple.provenance'
tar: Ignoring unknown extended header keyword 'LIBARCHIVE.xattr.com.apple.provenance'
tar: Ignoring unknown extended header keyword 'LIBARCHIVE.xattr.com.apple.provenance'
tar: Ignoring unknown extended header keyword 'LIBARCHIVE.xattr.com.apple.provenance'
tar: Ignoring unknown extended header keyword 'LIBARCHIVE.xattr.com.apple.provenance'
tar: Ignoring unknown extended header keyword 'LIBARCHIVE.xattr.com.apple.provenance'
tar: Ignoring unknown extended header keyword 'LIBARCHIVE.xattr.com.apple.provenance'
tar: Ignoring unknown extended header keyword 'LIBARCHIVE.xattr.com.apple.provenance'
tar: Ignoring unknown extended header keyword 'LIBARCHIVE.xattr.com.apple.provenance'
tar: Ignoring unknown extended header keyword 'LIBARCHIVE.xattr.com.apple.provenance'
tar: Ignoring unknown extended header keyword 'LIBARCHIVE.xattr.com.apple.provenance'
tar: Ignoring unknown extended header keyword 'LIBARCHIVE.xattr.com.apple.provenance'
tar: Ignoring unknown extended header keyword 'LIBARCHIVE.xattr.com.apple.provenance'
tar: Ignoring unknown extended header keyword 'LIBARCHIVE.xattr.com.apple.provenance'
tar: Ignoring unknown extended header keyword 'LIBARCHIVE.xattr.com.apple.provenance'
tar: Ignoring unknown extended header keyword 'LIBARCHIVE.xattr.com.apple.provenance'
tar: Ignoring unknown extended header keyword 'LIBARCHIVE.xattr.com.apple.provenance'
tar: Ignoring unknown extended header keyword 'LIBARCHIVE.xattr.com.apple.provenance'
tar: Ignoring unknown extended header keyword 'LIBARCHIVE.xattr.com.apple.provenance'
tar: Ignoring unknown extended header keyword 'LIBARCHIVE.xattr.com.apple.provenance'
tar: Ignoring unknown extended header keyword 'LIBARCHIVE.xattr.com.apple.provenance'
tar: Ignoring unknown extended header keyword 'LIBARCHIVE.xattr.com.apple.provenance'
tar: Ignoring unknown extended header keyword 'LIBARCHIVE.xattr.com.apple.provenance'
tar: Ignoring unknown extended header keyword 'LIBARCHIVE.xattr.com.apple.provenance'
tar: Ignoring unknown extended header keyword 'LIBARCHIVE.xattr.com.apple.provenance'
tar: Ignoring unknown extended header keyword 'LIBARCHIVE.xattr.com.apple.provenance'
tar: Ignoring unknown extended header keyword 'LIBARCHIVE.xattr.com.apple.provenance'
tar: Ignoring unknown extended header keyword 'LIBARCHIVE.xattr.com.apple.provenance'
tar: Ignoring unknown extended header keyword 'LIBARCHIVE.xattr.com.apple.provenance'
tar: Ignoring unknown extended header keyword 'LIBARCHIVE.xattr.com.apple.provenance'
tar: Ignoring unknown extended header keyword 'LIBARCHIVE.xattr.com.apple.provenance'
tar: Ignoring unknown extended header keyword 'LIBARCHIVE.xattr.com.apple.provenance'
tar: Ignoring unknown extended header keyword 'LIBARCHIVE.xattr.com.apple.provenance'
tar: Ignoring unknown extended header keyword 'LIBARCHIVE.xattr.com.apple.provenance'
tar: Ignoring unknown extended header keyword 'LIBARCHIVE.xattr.com.apple.provenance'
tar: Ignoring unknown extended header keyword 'LIBARCHIVE.xattr.com.apple.provenance'
tar: Ignoring unknown extended header keyword 'LIBARCHIVE.xattr.com.apple.provenance'
tar: Ignoring unknown extended header keyword 'LIBARCHIVE.xattr.com.apple.provenance'
tar: Ignoring unknown extended header keyword 'LIBARCHIVE.xattr.com.apple.provenance'
tar: Ignoring unknown extended header keyword 'LIBARCHIVE.xattr.com.apple.provenance'
tar: Ignoring unknown extended header keyword 'LIBARCHIVE.xattr.com.apple.provenance'
tar: Ignoring unknown extended header keyword 'LIBARCHIVE.xattr.com.apple.provenance'
tar: Ignoring unknown extended header keyword 'LIBARCHIVE.xattr.com.apple.provenance'
tar: Ignoring unknown extended header keyword 'LIBARCHIVE.xattr.com.apple.provenance'
tar: Ignoring unknown extended header keyword 'LIBARCHIVE.xattr.com.apple.provenance'
tar: Ignoring unknown extended header keyword 'LIBARCHIVE.xattr.com.apple.provenance'
tar: Ignoring unknown extended header keyword 'LIBARCHIVE.xattr.com.apple.provenance'
tar: Ignoring unknown extended header keyword 'LIBARCHIVE.xattr.com.apple.provenance'
tar: Ignoring unknown extended header keyword 'LIBARCHIVE.xattr.com.apple.provenance'
tar: Ignoring unknown extended header keyword 'LIBARCHIVE.xattr.com.apple.provenance'
tar: Ignoring unknown extended header keyword 'LIBARCHIVE.xattr.com.apple.provenance'
tar: Ignoring unknown extended header keyword 'LIBARCHIVE.xattr.com.apple.provenance'
tar: Ignoring unknown extended header keyword 'LIBARCHIVE.xattr.com.apple.provenance'
tar: Ignoring unknown extended header keyword 'LIBARCHIVE.xattr.com.apple.provenance'
tar: Ignoring unknown extended header keyword 'LIBARCHIVE.xattr.com.apple.provenance'
tar: Ignoring unknown extended header keyword 'LIBARCHIVE.xattr.com.apple.provenance'
tar: Ignoring unknown extended header keyword 'LIBARCHIVE.xattr.com.apple.provenance'
tar: Ignoring unknown extended header keyword 'LIBARCHIVE.xattr.com.apple.provenance'
tar: Ignoring unknown extended header keyword 'LIBARCHIVE.xattr.com.apple.provenance'
tar: Ignoring unknown extended header keyword 'LIBARCHIVE.xattr.com.apple.provenance'
tar: Ignoring unknown extended header keyword 'LIBARCHIVE.xattr.com.apple.provenance'
tar: Ignoring unknown extended header keyword 'LIBARCHIVE.xattr.com.apple.provenance'
tar: Ignoring unknown extended header keyword 'LIBARCHIVE.xattr.com.apple.provenance'
tar: Ignoring unknown extended header keyword 'LIBARCHIVE.xattr.com.apple.provenance'
tar: Ignoring unknown extended header keyword 'LIBARCHIVE.xattr.com.apple.provenance'
tar: Ignoring unknown extended header keyword 'LIBARCHIVE.xattr.com.apple.provenance'
tar: Ignoring unknown extended header keyword 'LIBARCHIVE.xattr.com.apple.provenance'
tar: Ignoring unknown extended header keyword 'LIBARCHIVE.xattr.com.apple.provenance'
tar: Ignoring unknown extended header keyword 'LIBARCHIVE.xattr.com.apple.provenance'
tar: Ignoring unknown extended header keyword 'LIBARCHIVE.xattr.com.apple.provenance'
tar: Ignoring unknown extended header keyword 'LIBARCHIVE.xattr.com.apple.provenance'
tar: Ignoring unknown extended header keyword 'LIBARCHIVE.xattr.com.apple.provenance'
tar: Ignoring unknown extended header keyword 'LIBARCHIVE.xattr.com.apple.provenance'
tar: Ignoring unknown extended header keyword 'LIBARCHIVE.xattr.com.apple.provenance'
tar: Ignoring unknown extended header keyword 'LIBARCHIVE.xattr.com.apple.provenance'
tar: Ignoring unknown extended header keyword 'LIBARCHIVE.xattr.com.apple.provenance'
tar: Ignoring unknown extended header keyword 'LIBARCHIVE.xattr.com.apple.provenance'
tar: Ignoring unknown extended header keyword 'LIBARCHIVE.xattr.com.apple.provenance'
tar: Ignoring unknown extended header keyword 'LIBARCHIVE.xattr.com.apple.provenance'
tar: Ignoring unknown extended header keyword 'LIBARCHIVE.xattr.com.apple.provenance'
tar: Ignoring unknown extended header keyword 'LIBARCHIVE.xattr.com.apple.provenance'
tar: Ignoring unknown extended header keyword 'LIBARCHIVE.xattr.com.apple.provenance'
tar: Ignoring unknown extended header keyword 'LIBARCHIVE.xattr.com.apple.provenance'
tar: Ignoring unknown extended header keyword 'LIBARCHIVE.xattr.com.apple.provenance'
tar: Ignoring unknown extended header keyword 'LIBARCHIVE.xattr.com.apple.provenance'
tar: Ignoring unknown extended header keyword 'LIBARCHIVE.xattr.com.apple.provenance'
tar: Ignoring unknown extended header keyword 'LIBARCHIVE.xattr.com.apple.provenance'
tar: Ignoring unknown extended header keyword 'LIBARCHIVE.xattr.com.apple.provenance'
tar: Ignoring unknown extended header keyword 'LIBARCHIVE.xattr.com.apple.provenance'
tar: Ignoring unknown extended header keyword 'LIBARCHIVE.xattr.com.apple.provenance'
tar: Ignoring unknown extended header keyword 'LIBARCHIVE.xattr.com.apple.provenance'
tar: Ignoring unknown extended header keyword 'LIBARCHIVE.xattr.com.apple.provenance'
tar: Ignoring unknown extended header keyword 'LIBARCHIVE.xattr.com.apple.provenance'
tar: Ignoring unknown extended header keyword 'LIBARCHIVE.xattr.com.apple.provenance'
tar: Ignoring unknown extended header keyword 'LIBARCHIVE.xattr.com.apple.provenance'
tar: Ignoring unknown extended header keyword 'LIBARCHIVE.xattr.com.apple.provenance'
tar: Ignoring unknown extended header keyword 'LIBARCHIVE.xattr.com.apple.provenance'
tar: Ignoring unknown extended header keyword 'LIBARCHIVE.xattr.com.apple.provenance'
tar: Ignoring unknown extended header keyword 'LIBARCHIVE.xattr.com.apple.provenance'
tar: Ignoring unknown extended header keyword 'LIBARCHIVE.xattr.com.apple.provenance'
tar: Ignoring unknown extended header keyword 'LIBARCHIVE.xattr.com.apple.provenance'
tar: Ignoring unknown extended header keyword 'LIBARCHIVE.xattr.com.apple.provenance'
tar: Ignoring unknown extended header keyword 'LIBARCHIVE.xattr.com.apple.provenance'
tar: Ignoring unknown extended header keyword 'LIBARCHIVE.xattr.com.apple.provenance'
tar: Ignoring unknown extended header keyword 'LIBARCHIVE.xattr.com.apple.provenance'
tar: Ignoring unknown extended header keyword 'LIBARCHIVE.xattr.com.apple.provenance'
tar: Ignoring unknown extended header keyword 'LIBARCHIVE.xattr.com.apple.provenance'
tar: Ignoring unknown extended header keyword 'LIBARCHIVE.xattr.com.apple.provenance'
tar: Ignoring unknown extended header keyword 'LIBARCHIVE.xattr.com.apple.provenance'
tar: Ignoring unknown extended header keyword 'LIBARCHIVE.xattr.com.apple.provenance'
tar: Ignoring unknown extended header keyword 'LIBARCHIVE.xattr.com.apple.provenance'
tar: Ignoring unknown extended header keyword 'LIBARCHIVE.xattr.com.apple.provenance'
tar: Ignoring unknown extended header keyword 'LIBARCHIVE.xattr.com.apple.provenance'
tar: Ignoring unknown extended header keyword 'LIBARCHIVE.xattr.com.apple.provenance'
tar: Ignoring unknown extended header keyword 'LIBARCHIVE.xattr.com.apple.provenance'
tar: Ignoring unknown extended header keyword 'LIBARCHIVE.xattr.com.apple.provenance'
tar: Ignoring unknown extended header keyword 'LIBARCHIVE.xattr.com.apple.provenance'
tar: Ignoring unknown extended header keyword 'LIBARCHIVE.xattr.com.apple.provenance'
tar: Ignoring unknown extended header keyword 'LIBARCHIVE.xattr.com.apple.provenance'
tar: Ignoring unknown extended header keyword 'LIBARCHIVE.xattr.com.apple.provenance'
tar: Ignoring unknown extended header keyword 'LIBARCHIVE.xattr.com.apple.provenance'
tar: Ignoring unknown extended header keyword 'LIBARCHIVE.xattr.com.apple.provenance'
tar: Ignoring unknown extended header keyword 'LIBARCHIVE.xattr.com.apple.provenance'
tar: Ignoring unknown extended header keyword 'LIBARCHIVE.xattr.com.apple.provenance'
tar: Ignoring unknown extended header keyword 'LIBARCHIVE.xattr.com.apple.provenance'
tar: Ignoring unknown extended header keyword 'LIBARCHIVE.xattr.com.apple.provenance'
tar: Ignoring unknown extended header keyword 'LIBARCHIVE.xattr.com.apple.provenance'
tar: Ignoring unknown extended header keyword 'LIBARCHIVE.xattr.com.apple.provenance'
tar: Ignoring unknown extended header keyword 'LIBARCHIVE.xattr.com.apple.provenance'
tar: Ignoring unknown extended header keyword 'LIBARCHIVE.xattr.com.apple.provenance'
tar: Ignoring unknown extended header keyword 'LIBARCHIVE.xattr.com.apple.provenance'
tar: Ignoring unknown extended header keyword 'LIBARCHIVE.xattr.com.apple.provenance'
tar: Ignoring unknown extended header keyword 'LIBARCHIVE.xattr.com.apple.provenance'
tar: Ignoring unknown extended header keyword 'LIBARCHIVE.xattr.com.apple.provenance'
tar: Ignoring unknown extended header keyword 'LIBARCHIVE.xattr.com.apple.provenance'
tar: Ignoring unknown extended header keyword 'LIBARCHIVE.xattr.com.apple.provenance'
tar: Ignoring unknown extended header keyword 'LIBARCHIVE.xattr.com.apple.provenance'
tar: Ignoring unknown extended header keyword 'LIBARCHIVE.xattr.com.apple.provenance'
tar: Ignoring unknown extended header keyword 'LIBARCHIVE.xattr.com.apple.provenance'
tar: Ignoring unknown extended header keyword 'LIBARCHIVE.xattr.com.apple.provenance'
tar: Ignoring unknown extended header keyword 'LIBARCHIVE.xattr.com.apple.provenance'
tar: Ignoring unknown extended header keyword 'LIBARCHIVE.xattr.com.apple.provenance'
tar: Ignoring unknown extended header keyword 'LIBARCHIVE.xattr.com.apple.provenance'
tar: Ignoring unknown extended header keyword 'LIBARCHIVE.xattr.com.apple.provenance'
tar: Ignoring unknown extended header keyword 'LIBARCHIVE.xattr.com.apple.provenance'
tar: Ignoring unknown extended header keyword 'LIBARCHIVE.xattr.com.apple.provenance'
tar: Ignoring unknown extended header keyword 'LIBARCHIVE.xattr.com.apple.provenance'
tar: Ignoring unknown extended header keyword 'LIBARCHIVE.xattr.com.apple.provenance'
tar: Ignoring unknown extended header keyword 'LIBARCHIVE.xattr.com.apple.provenance'
tar: Ignoring unknown extended header keyword 'LIBARCHIVE.xattr.com.apple.provenance'
tar: Ignoring unknown extended header keyword 'LIBARCHIVE.xattr.com.apple.provenance'
tar: Ignoring unknown extended header keyword 'LIBARCHIVE.xattr.com.apple.provenance'
tar: Ignoring unknown extended header keyword 'LIBARCHIVE.xattr.com.apple.provenance'
tar: Ignoring unknown extended header keyword 'LIBARCHIVE.xattr.com.apple.provenance'
tar: Ignoring unknown extended header keyword 'LIBARCHIVE.xattr.com.apple.provenance'
tar: Ignoring unknown extended header keyword 'LIBARCHIVE.xattr.com.apple.provenance'
tar: Ignoring unknown extended header keyword 'LIBARCHIVE.xattr.com.apple.provenance'
tar: Ignoring unknown extended header keyword 'LIBARCHIVE.xattr.com.apple.provenance'
tar: Ignoring unknown extended header keyword 'LIBARCHIVE.xattr.com.apple.provenance'
tar: Ignoring unknown extended header keyword 'LIBARCHIVE.xattr.com.apple.provenance'
tar: Ignoring unknown extended header keyword 'LIBARCHIVE.xattr.com.apple.provenance'
tar: Ignoring unknown extended header keyword 'LIBARCHIVE.xattr.com.apple.provenance'
tar: Ignoring unknown extended header keyword 'LIBARCHIVE.xattr.com.apple.provenance'
tar: Ignoring unknown extended header keyword 'LIBARCHIVE.xattr.com.apple.provenance'
tar: Ignoring unknown extended header keyword 'LIBARCHIVE.xattr.com.apple.provenance'
tar: Ignoring unknown extended header keyword 'LIBARCHIVE.xattr.com.apple.provenance'
tar: Ignoring unknown extended header keyword 'LIBARCHIVE.xattr.com.apple.provenance'
tar: Ignoring unknown extended header keyword 'LIBARCHIVE.xattr.com.apple.provenance'
tar: Ignoring unknown extended header keyword 'LIBARCHIVE.xattr.com.apple.provenance'
tar: Ignoring unknown extended header keyword 'LIBARCHIVE.xattr.com.apple.provenance'
tar: Ignoring unknown extended header keyword 'LIBARCHIVE.xattr.com.apple.provenance'
tar: Ignoring unknown extended header keyword 'LIBARCHIVE.xattr.com.apple.provenance'
tar: Ignoring unknown extended header keyword 'LIBARCHIVE.xattr.com.apple.provenance'
tar: Ignoring unknown extended header keyword 'LIBARCHIVE.xattr.com.apple.provenance'
tar: Ignoring unknown extended header keyword 'LIBARCHIVE.xattr.com.apple.provenance'
tar: Ignoring unknown extended header keyword 'LIBARCHIVE.xattr.com.apple.provenance'
tar: Ignoring unknown extended header keyword 'LIBARCHIVE.xattr.com.apple.provenance'
tar: Ignoring unknown extended header keyword 'LIBARCHIVE.xattr.com.apple.provenance'
tar: Ignoring unknown extended header keyword 'LIBARCHIVE.xattr.com.apple.provenance'
tar: Ignoring unknown extended header keyword 'LIBARCHIVE.xattr.com.apple.provenance'
tar: Ignoring unknown extended header keyword 'LIBARCHIVE.xattr.com.apple.provenance'
tar: Ignoring unknown extended header keyword 'LIBARCHIVE.xattr.com.apple.provenance'
tar: Ignoring unknown extended header keyword 'LIBARCHIVE.xattr.com.apple.provenance'
tar: Ignoring unknown extended header keyword 'LIBARCHIVE.xattr.com.apple.provenance'
tar: Ignoring unknown extended header keyword 'LIBARCHIVE.xattr.com.apple.provenance'
tar: Ignoring unknown extended header keyword 'LIBARCHIVE.xattr.com.apple.provenance'
tar: Ignoring unknown extended header keyword 'LIBARCHIVE.xattr.com.apple.provenance'
tar: Ignoring unknown extended header keyword 'LIBARCHIVE.xattr.com.apple.provenance'
tar: Ignoring unknown extended header keyword 'LIBARCHIVE.xattr.com.apple.provenance'
tar: Ignoring unknown extended header keyword 'LIBARCHIVE.xattr.com.apple.provenance'
tar: Ignoring unknown extended header keyword 'LIBARCHIVE.xattr.com.apple.provenance'
tar: Ignoring unknown extended header keyword 'LIBARCHIVE.xattr.com.apple.provenance'
tar: Ignoring unknown extended header keyword 'LIBARCHIVE.xattr.com.apple.provenance'
tar: Ignoring unknown extended header keyword 'LIBARCHIVE.xattr.com.apple.provenance'
tar: Ignoring unknown extended header keyword 'LIBARCHIVE.xattr.com.apple.provenance'
tar: Ignoring unknown extended header keyword 'LIBARCHIVE.xattr.com.apple.provenance'
tar: Ignoring unknown extended header keyword 'LIBARCHIVE.xattr.com.apple.provenance'
tar: Ignoring unknown extended header keyword 'LIBARCHIVE.xattr.com.apple.provenance'
tar: Ignoring unknown extended header keyword 'LIBARCHIVE.xattr.com.apple.provenance'
tar: Ignoring unknown extended header keyword 'LIBARCHIVE.xattr.com.apple.provenance'
tar: Ignoring unknown extended header keyword 'LIBARCHIVE.xattr.com.apple.provenance'
tar: Ignoring unknown extended header keyword 'LIBARCHIVE.xattr.com.apple.provenance'
tar: Ignoring unknown extended header keyword 'LIBARCHIVE.xattr.com.apple.provenance'
tar: Ignoring unknown extended header keyword 'LIBARCHIVE.xattr.com.apple.provenance'
tar: Ignoring unknown extended header keyword 'LIBARCHIVE.xattr.com.apple.provenance'
tar: Ignoring unknown extended header keyword 'LIBARCHIVE.xattr.com.apple.provenance'
tar: Ignoring unknown extended header keyword 'LIBARCHIVE.xattr.com.apple.provenance'
tar: Ignoring unknown extended header keyword 'LIBARCHIVE.xattr.com.apple.provenance'
tar: Ignoring unknown extended header keyword 'LIBARCHIVE.xattr.com.apple.provenance'
tar: Ignoring unknown extended header keyword 'LIBARCHIVE.xattr.com.apple.provenance'
tar: Ignoring unknown extended header keyword 'LIBARCHIVE.xattr.com.apple.provenance'
tar: Ignoring unknown extended header keyword 'LIBARCHIVE.xattr.com.apple.provenance'
tar: Ignoring unknown extended header keyword 'LIBARCHIVE.xattr.com.apple.provenance'
tar: Ignoring unknown extended header keyword 'LIBARCHIVE.xattr.com.apple.provenance'
tar: Ignoring unknown extended header keyword 'LIBARCHIVE.xattr.com.apple.provenance'
tar: Ignoring unknown extended header keyword 'LIBARCHIVE.xattr.com.apple.provenance'
tar: Ignoring unknown extended header keyword 'LIBARCHIVE.xattr.com.apple.provenance'
tar: Ignoring unknown extended header keyword 'LIBARCHIVE.xattr.com.apple.provenance'
tar: Ignoring unknown extended header keyword 'LIBARCHIVE.xattr.com.apple.provenance'
tar: Ignoring unknown extended header keyword 'LIBARCHIVE.xattr.com.apple.provenance'
tar: Ignoring unknown extended header keyword 'LIBARCHIVE.xattr.com.apple.provenance'
tar: Ignoring unknown extended header keyword 'LIBARCHIVE.xattr.com.apple.provenance'
tar: Ignoring unknown extended header keyword 'LIBARCHIVE.xattr.com.apple.provenance'
tar: Ignoring unknown extended header keyword 'LIBARCHIVE.xattr.com.apple.provenance'
tar: Ignoring unknown extended header keyword 'LIBARCHIVE.xattr.com.apple.provenance'
tar: Ignoring unknown extended header keyword 'LIBARCHIVE.xattr.com.apple.provenance'
tar: Ignoring unknown extended header keyword 'LIBARCHIVE.xattr.com.apple.provenance'
tar: Ignoring unknown extended header keyword 'LIBARCHIVE.xattr.com.apple.provenance'
tar: Ignoring unknown extended header keyword 'LIBARCHIVE.xattr.com.apple.provenance'
tar: Ignoring unknown extended header keyword 'LIBARCHIVE.xattr.com.apple.provenance'
tar: Ignoring unknown extended header keyword 'LIBARCHIVE.xattr.com.apple.provenance'
tar: Ignoring unknown extended header keyword 'LIBARCHIVE.xattr.com.apple.provenance'
tar: Ignoring unknown extended header keyword 'LIBARCHIVE.xattr.com.apple.provenance'
tar: Ignoring unknown extended header keyword 'LIBARCHIVE.xattr.com.apple.provenance'
tar: Ignoring unknown extended header keyword 'LIBARCHIVE.xattr.com.apple.provenance'
tar: Ignoring unknown extended header keyword 'LIBARCHIVE.xattr.com.apple.provenance'
tar: Ignoring unknown extended header keyword 'LIBARCHIVE.xattr.com.apple.provenance'
tar: Ignoring unknown extended header keyword 'LIBARCHIVE.xattr.com.apple.provenance'
tar: Ignoring unknown extended header keyword 'LIBARCHIVE.xattr.com.apple.provenance'
tar: Ignoring unknown extended header keyword 'LIBARCHIVE.xattr.com.apple.provenance'
tar: Ignoring unknown extended header keyword 'LIBARCHIVE.xattr.com.apple.provenance'
tar: Ignoring unknown extended header keyword 'LIBARCHIVE.xattr.com.apple.provenance'
tar: Ignoring unknown extended header keyword 'LIBARCHIVE.xattr.com.apple.provenance'
tar: Ignoring unknown extended header keyword 'LIBARCHIVE.xattr.com.apple.provenance'
tar: Ignoring unknown extended header keyword 'LIBARCHIVE.xattr.com.apple.provenance'
tar: Ignoring unknown extended header keyword 'LIBARCHIVE.xattr.com.apple.provenance'
tar: Ignoring unknown extended header keyword 'LIBARCHIVE.xattr.com.apple.provenance'
tar: Ignoring unknown extended header keyword 'LIBARCHIVE.xattr.com.apple.provenance'
tar: Ignoring unknown extended header keyword 'LIBARCHIVE.xattr.com.apple.provenance'
tar: Ignoring unknown extended header keyword 'LIBARCHIVE.xattr.com.apple.provenance'
tar: Ignoring unknown extended header keyword 'LIBARCHIVE.xattr.com.apple.provenance'
tar: Ignoring unknown extended header keyword 'LIBARCHIVE.xattr.com.apple.provenance'
tar: Ignoring unknown extended header keyword 'LIBARCHIVE.xattr.com.apple.provenance'
tar: Ignoring unknown extended header keyword 'LIBARCHIVE.xattr.com.apple.provenance'
tar: Ignoring unknown extended header keyword 'LIBARCHIVE.xattr.com.apple.provenance'
tar: Ignoring unknown extended header keyword 'LIBARCHIVE.xattr.com.apple.provenance'
tar: Ignoring unknown extended header keyword 'LIBARCHIVE.xattr.com.apple.provenance'
tar: Ignoring unknown extended header keyword 'LIBARCHIVE.xattr.com.apple.provenance'
tar: Ignoring unknown extended header keyword 'LIBARCHIVE.xattr.com.apple.provenance'
tar: Ignoring unknown extended header keyword 'LIBARCHIVE.xattr.com.apple.provenance'
tar: Ignoring unknown extended header keyword 'LIBARCHIVE.xattr.com.apple.provenance'
tar: Ignoring unknown extended header keyword 'LIBARCHIVE.xattr.com.apple.provenance'
tar: Ignoring unknown extended header keyword 'LIBARCHIVE.xattr.com.apple.provenance'
tar: Ignoring unknown extended header keyword 'LIBARCHIVE.xattr.com.apple.provenance'
tar: Ignoring unknown extended header keyword 'LIBARCHIVE.xattr.com.apple.provenance'
tar: Ignoring unknown extended header keyword 'LIBARCHIVE.xattr.com.apple.provenance'
tar: Ignoring unknown extended header keyword 'LIBARCHIVE.xattr.com.apple.provenance'
tar: Ignoring unknown extended header keyword 'LIBARCHIVE.xattr.com.apple.provenance'
tar: Ignoring unknown extended header keyword 'LIBARCHIVE.xattr.com.apple.provenance'
tar: Ignoring unknown extended header keyword 'LIBARCHIVE.xattr.com.apple.provenance'
tar: Ignoring unknown extended header keyword 'LIBARCHIVE.xattr.com.apple.provenance'
tar: Ignoring unknown extended header keyword 'LIBARCHIVE.xattr.com.apple.provenance'
tar: Ignoring unknown extended header keyword 'LIBARCHIVE.xattr.com.apple.provenance'
tar: Ignoring unknown extended header keyword 'LIBARCHIVE.xattr.com.apple.provenance'
tar: Ignoring unknown extended header keyword 'LIBARCHIVE.xattr.com.apple.provenance'
tar: Ignoring unknown extended header keyword 'LIBARCHIVE.xattr.com.apple.provenance'
tar: Ignoring unknown extended header keyword 'LIBARCHIVE.xattr.com.apple.provenance'
tar: Ignoring unknown extended header keyword 'LIBARCHIVE.xattr.com.apple.provenance'
tar: Ignoring unknown extended header keyword 'LIBARCHIVE.xattr.com.apple.provenance'
tar: Ignoring unknown extended header keyword 'LIBARCHIVE.xattr.com.apple.provenance'
tar: Ignoring unknown extended header keyword 'LIBARCHIVE.xattr.com.apple.provenance'
tar: Ignoring unknown extended header keyword 'LIBARCHIVE.xattr.com.apple.provenance'
tar: Ignoring unknown extended header keyword 'LIBARCHIVE.xattr.com.apple.provenance'
tar: Ignoring unknown extended header keyword 'LIBARCHIVE.xattr.com.apple.provenance'
tar: Ignoring unknown extended header keyword 'LIBARCHIVE.xattr.com.apple.provenance'
tar: Ignoring unknown extended header keyword 'LIBARCHIVE.xattr.com.apple.provenance'
tar: Ignoring unknown extended header keyword 'LIBARCHIVE.xattr.com.apple.provenance'
tar: Ignoring unknown extended header keyword 'LIBARCHIVE.xattr.com.apple.provenance'
tar: Ignoring unknown extended header keyword 'LIBARCHIVE.xattr.com.apple.provenance'
tar: Ignoring unknown extended header keyword 'LIBARCHIVE.xattr.com.apple.provenance'
tar: Ignoring unknown extended header keyword 'LIBARCHIVE.xattr.com.apple.provenance'
tar: Ignoring unknown extended header keyword 'LIBARCHIVE.xattr.com.apple.provenance'
tar: Ignoring unknown extended header keyword 'LIBARCHIVE.xattr.com.apple.provenance'
tar: Ignoring unknown extended header keyword 'LIBARCHIVE.xattr.com.apple.provenance'
tar: Ignoring unknown extended header keyword 'LIBARCHIVE.xattr.com.apple.provenance'
tar: Ignoring unknown extended header keyword 'LIBARCHIVE.xattr.com.apple.provenance'
tar: Ignoring unknown extended header keyword 'LIBARCHIVE.xattr.com.apple.provenance'
tar: Ignoring unknown extended header keyword 'LIBARCHIVE.xattr.com.apple.provenance'
tar: Ignoring unknown extended header keyword 'LIBARCHIVE.xattr.com.apple.provenance'
tar: Ignoring unknown extended header keyword 'LIBARCHIVE.xattr.com.apple.provenance'
tar: Ignoring unknown extended header keyword 'LIBARCHIVE.xattr.com.apple.provenance'
tar: Ignoring unknown extended header keyword 'LIBARCHIVE.xattr.com.apple.provenance'
tar: Ignoring unknown extended header keyword 'LIBARCHIVE.xattr.com.apple.provenance'
tar: Ignoring unknown extended header keyword 'LIBARCHIVE.xattr.com.apple.provenance'
tar: Ignoring unknown extended header keyword 'LIBARCHIVE.xattr.com.apple.provenance'
tar: Ignoring unknown extended header keyword 'LIBARCHIVE.xattr.com.apple.provenance'
tar: Ignoring unknown extended header keyword 'LIBARCHIVE.xattr.com.apple.provenance'
tar: Ignoring unknown extended header keyword 'LIBARCHIVE.xattr.com.apple.provenance'
tar: Ignoring unknown extended header keyword 'LIBARCHIVE.xattr.com.apple.provenance'
tar: Ignoring unknown extended header keyword 'LIBARCHIVE.xattr.com.apple.provenance'
tar: Ignoring unknown extended header keyword 'LIBARCHIVE.xattr.com.apple.provenance'
tar: Ignoring unknown extended header keyword 'LIBARCHIVE.xattr.com.apple.provenance'
tar: Ignoring unknown extended header keyword 'LIBARCHIVE.xattr.com.apple.provenance'
tar: Ignoring unknown extended header keyword 'LIBARCHIVE.xattr.com.apple.provenance'
tar: Ignoring unknown extended header keyword 'LIBARCHIVE.xattr.com.apple.provenance'
tar: Ignoring unknown extended header keyword 'LIBARCHIVE.xattr.com.apple.provenance'
tar: Ignoring unknown extended header keyword 'LIBARCHIVE.xattr.com.apple.provenance'
tar: Ignoring unknown extended header keyword 'LIBARCHIVE.xattr.com.apple.provenance'
tar: Ignoring unknown extended header keyword 'LIBARCHIVE.xattr.com.apple.provenance'
tar: Ignoring unknown extended header keyword 'LIBARCHIVE.xattr.com.apple.provenance'
tar: Ignoring unknown extended header keyword 'LIBARCHIVE.xattr.com.apple.provenance'
tar: Ignoring unknown extended header keyword 'LIBARCHIVE.xattr.com.apple.provenance'
tar: Ignoring unknown extended header keyword 'LIBARCHIVE.xattr.com.apple.provenance'
tar: Ignoring unknown extended header keyword 'LIBARCHIVE.xattr.com.apple.provenance'
tar: Ignoring unknown extended header keyword 'LIBARCHIVE.xattr.com.apple.provenance'
tar: Ignoring unknown extended header keyword 'LIBARCHIVE.xattr.com.apple.provenance'
tar: Ignoring unknown extended header keyword 'LIBARCHIVE.xattr.com.apple.provenance'
tar: Ignoring unknown extended header keyword 'LIBARCHIVE.xattr.com.apple.provenance'
tar: Ignoring unknown extended header keyword 'LIBARCHIVE.xattr.com.apple.provenance'
tar: Ignoring unknown extended header keyword 'LIBARCHIVE.xattr.com.apple.provenance'
tar: Ignoring unknown extended header keyword 'LIBARCHIVE.xattr.com.apple.provenance'
tar: Ignoring unknown extended header keyword 'LIBARCHIVE.xattr.com.apple.provenance'
tar: Ignoring unknown extended header keyword 'LIBARCHIVE.xattr.com.apple.provenance'
tar: Ignoring unknown extended header keyword 'LIBARCHIVE.xattr.com.apple.provenance'
tar: Ignoring unknown extended header keyword 'LIBARCHIVE.xattr.com.apple.provenance'
tar: Ignoring unknown extended header keyword 'LIBARCHIVE.xattr.com.apple.provenance'
tar: Ignoring unknown extended header keyword 'LIBARCHIVE.xattr.com.apple.provenance'
tar: Ignoring unknown extended header keyword 'LIBARCHIVE.xattr.com.apple.provenance'
tar: Ignoring unknown extended header keyword 'LIBARCHIVE.xattr.com.apple.provenance'
tar: Ignoring unknown extended header keyword 'LIBARCHIVE.xattr.com.apple.provenance'
tar: Ignoring unknown extended header keyword 'LIBARCHIVE.xattr.com.apple.provenance'
tar: Ignoring unknown extended header keyword 'LIBARCHIVE.xattr.com.apple.provenance'
tar: Ignoring unknown extended header keyword 'LIBARCHIVE.xattr.com.apple.provenance'
tar: Ignoring unknown extended header keyword 'LIBARCHIVE.xattr.com.apple.provenance'
tar: Ignoring unknown extended header keyword 'LIBARCHIVE.xattr.com.apple.provenance'
tar: Ignoring unknown extended header keyword 'LIBARCHIVE.xattr.com.apple.provenance'
tar: Ignoring unknown extended header keyword 'LIBARCHIVE.xattr.com.apple.provenance'
tar: Ignoring unknown extended header keyword 'LIBARCHIVE.xattr.com.apple.provenance'
tar: Ignoring unknown extended header keyword 'LIBARCHIVE.xattr.com.apple.provenance'
tar: Ignoring unknown extended header keyword 'LIBARCHIVE.xattr.com.apple.provenance'
tar: Ignoring unknown extended header keyword 'LIBARCHIVE.xattr.com.apple.provenance'
tar: Ignoring unknown extended header keyword 'LIBARCHIVE.xattr.com.apple.provenance'
tar: Ignoring unknown extended header keyword 'LIBARCHIVE.xattr.com.apple.provenance'
tar: Ignoring unknown extended header keyword 'LIBARCHIVE.xattr.com.apple.provenance'
tar: Ignoring unknown extended header keyword 'LIBARCHIVE.xattr.com.apple.provenance'
tar: Ignoring unknown extended header keyword 'LIBARCHIVE.xattr.com.apple.provenance'
tar: Ignoring unknown extended header keyword 'LIBARCHIVE.xattr.com.apple.provenance'
tar: Ignoring unknown extended header keyword 'LIBARCHIVE.xattr.com.apple.provenance'
tar: Ignoring unknown extended header keyword 'LIBARCHIVE.xattr.com.apple.provenance'
tar: Ignoring unknown extended header keyword 'LIBARCHIVE.xattr.com.apple.provenance'
tar: Ignoring unknown extended header keyword 'LIBARCHIVE.xattr.com.apple.provenance'
tar: Ignoring unknown extended header keyword 'LIBARCHIVE.xattr.com.apple.provenance'
tar: Ignoring unknown extended header keyword 'LIBARCHIVE.xattr.com.apple.provenance'
tar: Ignoring unknown extended header keyword 'LIBARCHIVE.xattr.com.apple.provenance'
tar: Ignoring unknown extended header keyword 'LIBARCHIVE.xattr.com.apple.provenance'
tar: Ignoring unknown extended header keyword 'LIBARCHIVE.xattr.com.apple.provenance'
tar: Ignoring unknown extended header keyword 'LIBARCHIVE.xattr.com.apple.provenance'
tar: Ignoring unknown extended header keyword 'LIBARCHIVE.xattr.com.apple.provenance'
tar: Ignoring unknown extended header keyword 'LIBARCHIVE.xattr.com.apple.provenance'
tar: Ignoring unknown extended header keyword 'LIBARCHIVE.xattr.com.apple.provenance'
tar: Ignoring unknown extended header keyword 'LIBARCHIVE.xattr.com.apple.provenance'
tar: Ignoring unknown extended header keyword 'LIBARCHIVE.xattr.com.apple.provenance'
tar: Ignoring unknown extended header keyword 'LIBARCHIVE.xattr.com.apple.provenance'
tar: Ignoring unknown extended header keyword 'LIBARCHIVE.xattr.com.apple.provenance'
tar: Ignoring unknown extended header keyword 'LIBARCHIVE.xattr.com.apple.provenance'
tar: Ignoring unknown extended header keyword 'LIBARCHIVE.xattr.com.apple.provenance'
tar: Ignoring unknown extended header keyword 'LIBARCHIVE.xattr.com.apple.provenance'
tar: Ignoring unknown extended header keyword 'LIBARCHIVE.xattr.com.apple.provenance'
tar: Ignoring unknown extended header keyword 'LIBARCHIVE.xattr.com.apple.provenance'
tar: Ignoring unknown extended header keyword 'LIBARCHIVE.xattr.com.apple.provenance'
tar: Ignoring unknown extended header keyword 'LIBARCHIVE.xattr.com.apple.provenance'
tar: Ignoring unknown extended header keyword 'LIBARCHIVE.xattr.com.apple.provenance'
tar: Ignoring unknown extended header keyword 'LIBARCHIVE.xattr.com.apple.provenance'
tar: Ignoring unknown extended header keyword 'LIBARCHIVE.xattr.com.apple.provenance'
tar: Ignoring unknown extended header keyword 'LIBARCHIVE.xattr.com.apple.provenance'
tar: Ignoring unknown extended header keyword 'LIBARCHIVE.xattr.com.apple.provenance'
tar: Ignoring unknown extended header keyword 'LIBARCHIVE.xattr.com.apple.provenance'
tar: Ignoring unknown extended header keyword 'LIBARCHIVE.xattr.com.apple.provenance'
tar: Ignoring unknown extended header keyword 'LIBARCHIVE.xattr.com.apple.provenance'
tar: Ignoring unknown extended header keyword 'LIBARCHIVE.xattr.com.apple.provenance'
tar: Ignoring unknown extended header keyword 'LIBARCHIVE.xattr.com.apple.provenance'
tar: Ignoring unknown extended header keyword 'LIBARCHIVE.xattr.com.apple.provenance'
tar: Ignoring unknown extended header keyword 'LIBARCHIVE.xattr.com.apple.provenance'
tar: Ignoring unknown extended header keyword 'LIBARCHIVE.xattr.com.apple.provenance'
tar: Ignoring unknown extended header keyword 'LIBARCHIVE.xattr.com.apple.provenance'
tar: Ignoring unknown extended header keyword 'LIBARCHIVE.xattr.com.apple.provenance'
tar: Ignoring unknown extended header keyword 'LIBARCHIVE.xattr.com.apple.provenance'
tar: Ignoring unknown extended header keyword 'LIBARCHIVE.xattr.com.apple.provenance'
tar: Ignoring unknown extended header keyword 'LIBARCHIVE.xattr.com.apple.provenance'
tar: Ignoring unknown extended header keyword 'LIBARCHIVE.xattr.com.apple.provenance'
tar: Ignoring unknown extended header keyword 'LIBARCHIVE.xattr.com.apple.provenance'
tar: Ignoring unknown extended header keyword 'LIBARCHIVE.xattr.com.apple.provenance'
tar: Ignoring unknown extended header keyword 'LIBARCHIVE.xattr.com.apple.provenance'
tar: Ignoring unknown extended header keyword 'LIBARCHIVE.xattr.com.apple.provenance'
tar: Ignoring unknown extended header keyword 'LIBARCHIVE.xattr.com.apple.provenance'
tar: Ignoring unknown extended header keyword 'LIBARCHIVE.xattr.com.apple.provenance'
tar: Ignoring unknown extended header keyword 'LIBARCHIVE.xattr.com.apple.provenance'
tar: Ignoring unknown extended header keyword 'LIBARCHIVE.xattr.com.apple.provenance'
tar: Ignoring unknown extended header keyword 'LIBARCHIVE.xattr.com.apple.provenance'
tar: Ignoring unknown extended header keyword 'LIBARCHIVE.xattr.com.apple.provenance'
tar: Ignoring unknown extended header keyword 'LIBARCHIVE.xattr.com.apple.provenance'
tar: Ignoring unknown extended header keyword 'LIBARCHIVE.xattr.com.apple.provenance'
tar: Ignoring unknown extended header keyword 'LIBARCHIVE.xattr.com.apple.provenance'
tar: Ignoring unknown extended header keyword 'LIBARCHIVE.xattr.com.apple.provenance'
tar: Ignoring unknown extended header keyword 'LIBARCHIVE.xattr.com.apple.provenance'
tar: Ignoring unknown extended header keyword 'LIBARCHIVE.xattr.com.apple.provenance'
tar: Ignoring unknown extended header keyword 'LIBARCHIVE.xattr.com.apple.provenance'
tar: Ignoring unknown extended header keyword 'LIBARCHIVE.xattr.com.apple.provenance'
tar: Ignoring unknown extended header keyword 'LIBARCHIVE.xattr.com.apple.provenance'
tar: Ignoring unknown extended header keyword 'LIBARCHIVE.xattr.com.apple.provenance'
tar: Ignoring unknown extended header keyword 'LIBARCHIVE.xattr.com.apple.provenance'
tar: Ignoring unknown extended header keyword 'LIBARCHIVE.xattr.com.apple.provenance'
tar: Ignoring unknown extended header keyword 'LIBARCHIVE.xattr.com.apple.provenance'
tar: Ignoring unknown extended header keyword 'LIBARCHIVE.xattr.com.apple.provenance'
tar: Ignoring unknown extended header keyword 'LIBARCHIVE.xattr.com.apple.provenance'
tar: Ignoring unknown extended header keyword 'LIBARCHIVE.xattr.com.apple.provenance'
tar: Ignoring unknown extended header keyword 'LIBARCHIVE.xattr.com.apple.provenance'
tar: Ignoring unknown extended header keyword 'LIBARCHIVE.xattr.com.apple.provenance'
tar: Ignoring unknown extended header keyword 'LIBARCHIVE.xattr.com.apple.provenance'
tar: Ignoring unknown extended header keyword 'LIBARCHIVE.xattr.com.apple.provenance'
tar: Ignoring unknown extended header keyword 'LIBARCHIVE.xattr.com.apple.provenance'
tar: Ignoring unknown extended header keyword 'LIBARCHIVE.xattr.com.apple.provenance'
tar: Ignoring unknown extended header keyword 'LIBARCHIVE.xattr.com.apple.provenance'
tar: Ignoring unknown extended header keyword 'LIBARCHIVE.xattr.com.apple.provenance'
tar: Ignoring unknown extended header keyword 'LIBARCHIVE.xattr.com.apple.provenance'
tar: Ignoring unknown extended header keyword 'LIBARCHIVE.xattr.com.apple.provenance'
tar: Ignoring unknown extended header keyword 'LIBARCHIVE.xattr.com.apple.provenance'
tar: Ignoring unknown extended header keyword 'LIBARCHIVE.xattr.com.apple.provenance'
tar: Ignoring unknown extended header keyword 'LIBARCHIVE.xattr.com.apple.provenance'
tar: Ignoring unknown extended header keyword 'LIBARCHIVE.xattr.com.apple.provenance'
tar: Ignoring unknown extended header keyword 'LIBARCHIVE.xattr.com.apple.provenance'
tar: Ignoring unknown extended header keyword 'LIBARCHIVE.xattr.com.apple.provenance'
tar: Ignoring unknown extended header keyword 'LIBARCHIVE.xattr.com.apple.provenance'
tar: Ignoring unknown extended header keyword 'LIBARCHIVE.xattr.com.apple.provenance'
tar: Ignoring unknown extended header keyword 'LIBARCHIVE.xattr.com.apple.provenance'
tar: Ignoring unknown extended header keyword 'LIBARCHIVE.xattr.com.apple.provenance'
tar: Ignoring unknown extended header keyword 'LIBARCHIVE.xattr.com.apple.provenance'
tar: Ignoring unknown extended header keyword 'LIBARCHIVE.xattr.com.apple.provenance'
tar: Ignoring unknown extended header keyword 'LIBARCHIVE.xattr.com.apple.provenance'
tar: Ignoring unknown extended header keyword 'LIBARCHIVE.xattr.com.apple.provenance'
tar: Ignoring unknown extended header keyword 'LIBARCHIVE.xattr.com.apple.provenance'
tar: Ignoring unknown extended header keyword 'LIBARCHIVE.xattr.com.apple.provenance'
tar: Ignoring unknown extended header keyword 'LIBARCHIVE.xattr.com.apple.provenance'
tar: Ignoring unknown extended header keyword 'LIBARCHIVE.xattr.com.apple.provenance'
tar: Ignoring unknown extended header keyword 'LIBARCHIVE.xattr.com.apple.provenance'
tar: Ignoring unknown extended header keyword 'LIBARCHIVE.xattr.com.apple.provenance'
tar: Ignoring unknown extended header keyword 'LIBARCHIVE.xattr.com.apple.provenance'
tar: Ignoring unknown extended header keyword 'LIBARCHIVE.xattr.com.apple.provenance'
tar: Ignoring unknown extended header keyword 'LIBARCHIVE.xattr.com.apple.provenance'
tar: Ignoring unknown extended header keyword 'LIBARCHIVE.xattr.com.apple.provenance'
tar: Ignoring unknown extended header keyword 'LIBARCHIVE.xattr.com.apple.provenance'
tar: Ignoring unknown extended header keyword 'LIBARCHIVE.xattr.com.apple.provenance'
tar: Ignoring unknown extended header keyword 'LIBARCHIVE.xattr.com.apple.provenance'
tar: Ignoring unknown extended header keyword 'LIBARCHIVE.xattr.com.apple.provenance'
tar: Ignoring unknown extended header keyword 'LIBARCHIVE.xattr.com.apple.provenance'
tar: Ignoring unknown extended header keyword 'LIBARCHIVE.xattr.com.apple.provenance'
tar: Ignoring unknown extended header keyword 'LIBARCHIVE.xattr.com.apple.provenance'
tar: Ignoring unknown extended header keyword 'LIBARCHIVE.xattr.com.apple.provenance'
tar: Ignoring unknown extended header keyword 'LIBARCHIVE.xattr.com.apple.provenance'
tar: Ignoring unknown extended header keyword 'LIBARCHIVE.xattr.com.apple.provenance'
tar: Ignoring unknown extended header keyword 'LIBARCHIVE.xattr.com.apple.provenance'
tar: Ignoring unknown extended header keyword 'LIBARCHIVE.xattr.com.apple.provenance'
tar: Ignoring unknown extended header keyword 'LIBARCHIVE.xattr.com.apple.provenance'
tar: Ignoring unknown extended header keyword 'LIBARCHIVE.xattr.com.apple.provenance'
tar: Ignoring unknown extended header keyword 'LIBARCHIVE.xattr.com.apple.provenance'
tar: Ignoring unknown extended header keyword 'LIBARCHIVE.xattr.com.apple.provenance'
tar: Ignoring unknown extended header keyword 'LIBARCHIVE.xattr.com.apple.provenance'
tar: Ignoring unknown extended header keyword 'LIBARCHIVE.xattr.com.apple.provenance'
tar: Ignoring unknown extended header keyword 'LIBARCHIVE.xattr.com.apple.provenance'
tar: Ignoring unknown extended header keyword 'LIBARCHIVE.xattr.com.apple.provenance'
tar: Ignoring unknown extended header keyword 'LIBARCHIVE.xattr.com.apple.provenance'
tar: Ignoring unknown extended header keyword 'LIBARCHIVE.xattr.com.apple.provenance'
tar: Ignoring unknown extended header keyword 'LIBARCHIVE.xattr.com.apple.provenance'
tar: Ignoring unknown extended header keyword 'LIBARCHIVE.xattr.com.apple.provenance'
tar: Ignoring unknown extended header keyword 'LIBARCHIVE.xattr.com.apple.provenance'
tar: Ignoring unknown extended header keyword 'LIBARCHIVE.xattr.com.apple.provenance'
tar: Ignoring unknown extended header keyword 'LIBARCHIVE.xattr.com.apple.provenance'
tar: Ignoring unknown extended header keyword 'LIBARCHIVE.xattr.com.apple.provenance'
tar: Ignoring unknown extended header keyword 'LIBARCHIVE.xattr.com.apple.provenance'
tar: Ignoring unknown extended header keyword 'LIBARCHIVE.xattr.com.apple.provenance'
tar: Ignoring unknown extended header keyword 'LIBARCHIVE.xattr.com.apple.provenance'
tar: Ignoring unknown extended header keyword 'LIBARCHIVE.xattr.com.apple.provenance'
tar: Ignoring unknown extended header keyword 'LIBARCHIVE.xattr.com.apple.provenance'
tar: Ignoring unknown extended header keyword 'LIBARCHIVE.xattr.com.apple.provenance'
tar: Ignoring unknown extended header keyword 'LIBARCHIVE.xattr.com.apple.provenance'
tar: Ignoring unknown extended header keyword 'LIBARCHIVE.xattr.com.apple.provenance'
tar: Ignoring unknown extended header keyword 'LIBARCHIVE.xattr.com.apple.provenance'
tar: Ignoring unknown extended header keyword 'LIBARCHIVE.xattr.com.apple.provenance'
tar: Ignoring unknown extended header keyword 'LIBARCHIVE.xattr.com.apple.provenance'
tar: Ignoring unknown extended header keyword 'LIBARCHIVE.xattr.com.apple.provenance'
tar: Ignoring unknown extended header keyword 'LIBARCHIVE.xattr.com.apple.provenance'
tar: Ignoring unknown extended header keyword 'LIBARCHIVE.xattr.com.apple.provenance'
tar: Ignoring unknown extended header keyword 'LIBARCHIVE.xattr.com.apple.provenance'
tar: Ignoring unknown extended header keyword 'LIBARCHIVE.xattr.com.apple.provenance'
tar: Ignoring unknown extended header keyword 'LIBARCHIVE.xattr.com.apple.provenance'
tar: Ignoring unknown extended header keyword 'LIBARCHIVE.xattr.com.apple.provenance'
tar: Ignoring unknown extended header keyword 'LIBARCHIVE.xattr.com.apple.provenance'
tar: Ignoring unknown extended header keyword 'LIBARCHIVE.xattr.com.apple.provenance'
tar: Ignoring unknown extended header keyword 'LIBARCHIVE.xattr.com.apple.provenance'
tar: Ignoring unknown extended header keyword 'LIBARCHIVE.xattr.com.apple.provenance'
tar: Ignoring unknown extended header keyword 'LIBARCHIVE.xattr.com.apple.provenance'
tar: Ignoring unknown extended header keyword 'LIBARCHIVE.xattr.com.apple.provenance'
tar: Ignoring unknown extended header keyword 'LIBARCHIVE.xattr.com.apple.provenance'
tar: Ignoring unknown extended header keyword 'LIBARCHIVE.xattr.com.apple.provenance'
tar: Ignoring unknown extended header keyword 'LIBARCHIVE.xattr.com.apple.provenance'
tar: Ignoring unknown extended header keyword 'LIBARCHIVE.xattr.com.apple.provenance'
tar: Ignoring unknown extended header keyword 'LIBARCHIVE.xattr.com.apple.provenance'
tar: Ignoring unknown extended header keyword 'LIBARCHIVE.xattr.com.apple.provenance'
tar: Ignoring unknown extended header keyword 'LIBARCHIVE.xattr.com.apple.provenance'
tar: Ignoring unknown extended header keyword 'LIBARCHIVE.xattr.com.apple.provenance'
tar: Ignoring unknown extended header keyword 'LIBARCHIVE.xattr.com.apple.provenance'
tar: Ignoring unknown extended header keyword 'LIBARCHIVE.xattr.com.apple.provenance'
tar: Ignoring unknown extended header keyword 'LIBARCHIVE.xattr.com.apple.provenance'
tar: Ignoring unknown extended header keyword 'LIBARCHIVE.xattr.com.apple.provenance'
tar: Ignoring unknown extended header keyword 'LIBARCHIVE.xattr.com.apple.provenance'
tar: Ignoring unknown extended header keyword 'LIBARCHIVE.xattr.com.apple.provenance'
tar: Ignoring unknown extended header keyword 'LIBARCHIVE.xattr.com.apple.provenance'
tar: Ignoring unknown extended header keyword 'LIBARCHIVE.xattr.com.apple.provenance'
tar: Ignoring unknown extended header keyword 'LIBARCHIVE.xattr.com.apple.provenance'
tar: Ignoring unknown extended header keyword 'LIBARCHIVE.xattr.com.apple.provenance'
tar: Ignoring unknown extended header keyword 'LIBARCHIVE.xattr.com.apple.provenance'
tar: Ignoring unknown extended header keyword 'LIBARCHIVE.xattr.com.apple.provenance'
tar: Ignoring unknown extended header keyword 'LIBARCHIVE.xattr.com.apple.provenance'
tar: Ignoring unknown extended header keyword 'LIBARCHIVE.xattr.com.apple.provenance'
tar: Ignoring unknown extended header keyword 'LIBARCHIVE.xattr.com.apple.provenance'
tar: Ignoring unknown extended header keyword 'LIBARCHIVE.xattr.com.apple.provenance'
tar: Ignoring unknown extended header keyword 'LIBARCHIVE.xattr.com.apple.provenance'
tar: Ignoring unknown extended header keyword 'LIBARCHIVE.xattr.com.apple.provenance'
tar: Ignoring unknown extended header keyword 'LIBARCHIVE.xattr.com.apple.provenance'
tar: Ignoring unknown extended header keyword 'LIBARCHIVE.xattr.com.apple.provenance'
tar: Ignoring unknown extended header keyword 'LIBARCHIVE.xattr.com.apple.provenance'
tar: Ignoring unknown extended header keyword 'LIBARCHIVE.xattr.com.apple.provenance'
tar: Ignoring unknown extended header keyword 'LIBARCHIVE.xattr.com.apple.provenance'
tar: Ignoring unknown extended header keyword 'LIBARCHIVE.xattr.com.apple.provenance'
tar: Ignoring unknown extended header keyword 'LIBARCHIVE.xattr.com.apple.provenance'
tar: Ignoring unknown extended header keyword 'LIBARCHIVE.xattr.com.apple.provenance'
tar: Ignoring unknown extended header keyword 'LIBARCHIVE.xattr.com.apple.provenance'
tar: Ignoring unknown extended header keyword 'LIBARCHIVE.xattr.com.apple.provenance'
tar: Ignoring unknown extended header keyword 'LIBARCHIVE.xattr.com.apple.provenance'
tar: Ignoring unknown extended header keyword 'LIBARCHIVE.xattr.com.apple.provenance'
tar: Ignoring unknown extended header keyword 'LIBARCHIVE.xattr.com.apple.provenance'
tar: Ignoring unknown extended header keyword 'LIBARCHIVE.xattr.com.apple.provenance'
tar: Ignoring unknown extended header keyword 'LIBARCHIVE.xattr.com.apple.provenance'
tar: Ignoring unknown extended header keyword 'LIBARCHIVE.xattr.com.apple.provenance'
tar: Ignoring unknown extended header keyword 'LIBARCHIVE.xattr.com.apple.provenance'
tar: Ignoring unknown extended header keyword 'LIBARCHIVE.xattr.com.apple.provenance'
tar: Ignoring unknown extended header keyword 'LIBARCHIVE.xattr.com.apple.provenance'
tar: Ignoring unknown extended header keyword 'LIBARCHIVE.xattr.com.apple.provenance'
tar: Ignoring unknown extended header keyword 'LIBARCHIVE.xattr.com.apple.provenance'
tar: Ignoring unknown extended header keyword 'LIBARCHIVE.xattr.com.apple.provenance'
tar: Ignoring unknown extended header keyword 'LIBARCHIVE.xattr.com.apple.provenance'
tar: Ignoring unknown extended header keyword 'LIBARCHIVE.xattr.com.apple.provenance'
tar: Ignoring unknown extended header keyword 'LIBARCHIVE.xattr.com.apple.provenance'
tar: Ignoring unknown extended header keyword 'LIBARCHIVE.xattr.com.apple.provenance'
tar: Ignoring unknown extended header keyword 'LIBARCHIVE.xattr.com.apple.provenance'
tar: Ignoring unknown extended header keyword 'LIBARCHIVE.xattr.com.apple.provenance'
tar: Ignoring unknown extended header keyword 'LIBARCHIVE.xattr.com.apple.provenance'
tar: Ignoring unknown extended header keyword 'LIBARCHIVE.xattr.com.apple.provenance'
tar: Ignoring unknown extended header keyword 'LIBARCHIVE.xattr.com.apple.provenance'
tar: Ignoring unknown extended header keyword 'LIBARCHIVE.xattr.com.apple.provenance'
tar: Ignoring unknown extended header keyword 'LIBARCHIVE.xattr.com.apple.provenance'
tar: Ignoring unknown extended header keyword 'LIBARCHIVE.xattr.com.apple.provenance'
tar: Ignoring unknown extended header keyword 'LIBARCHIVE.xattr.com.apple.provenance'
tar: Ignoring unknown extended header keyword 'LIBARCHIVE.xattr.com.apple.provenance'
tar: Ignoring unknown extended header keyword 'LIBARCHIVE.xattr.com.apple.provenance'
tar: Ignoring unknown extended header keyword 'LIBARCHIVE.xattr.com.apple.provenance'
tar: Ignoring unknown extended header keyword 'LIBARCHIVE.xattr.com.apple.provenance'
tar: Ignoring unknown extended header keyword 'LIBARCHIVE.xattr.com.apple.provenance'
tar: Ignoring unknown extended header keyword 'LIBARCHIVE.xattr.com.apple.provenance'
tar: Ignoring unknown extended header keyword 'LIBARCHIVE.xattr.com.apple.provenance'
tar: Ignoring unknown extended header keyword 'LIBARCHIVE.xattr.com.apple.provenance'
tar: Ignoring unknown extended header keyword 'LIBARCHIVE.xattr.com.apple.provenance'
tar: Ignoring unknown extended header keyword 'LIBARCHIVE.xattr.com.apple.provenance'
tar: Ignoring unknown extended header keyword 'LIBARCHIVE.xattr.com.apple.provenance'
tar: Ignoring unknown extended header keyword 'LIBARCHIVE.xattr.com.apple.provenance'
tar: Ignoring unknown extended header keyword 'LIBARCHIVE.xattr.com.apple.provenance'
tar: Ignoring unknown extended header keyword 'LIBARCHIVE.xattr.com.apple.provenance'
tar: Ignoring unknown extended header keyword 'LIBARCHIVE.xattr.com.apple.provenance'
tar: Ignoring unknown extended header keyword 'LIBARCHIVE.xattr.com.apple.provenance'
tar: Ignoring unknown extended header keyword 'LIBARCHIVE.xattr.com.apple.provenance'
tar: Ignoring unknown extended header keyword 'LIBARCHIVE.xattr.com.apple.provenance'
tar: Ignoring unknown extended header keyword 'LIBARCHIVE.xattr.com.apple.provenance'
tar: Ignoring unknown extended header keyword 'LIBARCHIVE.xattr.com.apple.provenance'
tar: Ignoring unknown extended header keyword 'LIBARCHIVE.xattr.com.apple.provenance'
tar: Ignoring unknown extended header keyword 'LIBARCHIVE.xattr.com.apple.provenance'
tar: Ignoring unknown extended header keyword 'LIBARCHIVE.xattr.com.apple.provenance'
tar: Ignoring unknown extended header keyword 'LIBARCHIVE.xattr.com.apple.provenance'
tar: Ignoring unknown extended header keyword 'LIBARCHIVE.xattr.com.apple.provenance'
tar: Ignoring unknown extended header keyword 'LIBARCHIVE.xattr.com.apple.provenance'
tar: Ignoring unknown extended header keyword 'LIBARCHIVE.xattr.com.apple.provenance'
tar: Ignoring unknown extended header keyword 'LIBARCHIVE.xattr.com.apple.provenance'
tar: Ignoring unknown extended header keyword 'LIBARCHIVE.xattr.com.apple.provenance'
tar: Ignoring unknown extended header keyword 'LIBARCHIVE.xattr.com.apple.provenance'
tar: Ignoring unknown extended header keyword 'LIBARCHIVE.xattr.com.apple.provenance'
tar: Ignoring unknown extended header keyword 'LIBARCHIVE.xattr.com.apple.provenance'
tar: Ignoring unknown extended header keyword 'LIBARCHIVE.xattr.com.apple.provenance'
tar: Ignoring unknown extended header keyword 'LIBARCHIVE.xattr.com.apple.provenance'
tar: Ignoring unknown extended header keyword 'LIBARCHIVE.xattr.com.apple.provenance'
tar: Ignoring unknown extended header keyword 'LIBARCHIVE.xattr.com.apple.provenance'
tar: Ignoring unknown extended header keyword 'LIBARCHIVE.xattr.com.apple.provenance'
tar: Ignoring unknown extended header keyword 'LIBARCHIVE.xattr.com.apple.provenance'
tar: Ignoring unknown extended header keyword 'LIBARCHIVE.xattr.com.apple.provenance'
tar: Ignoring unknown extended header keyword 'LIBARCHIVE.xattr.com.apple.provenance'
tar: Ignoring unknown extended header keyword 'LIBARCHIVE.xattr.com.apple.provenance'
tar: Ignoring unknown extended header keyword 'LIBARCHIVE.xattr.com.apple.provenance'
tar: Ignoring unknown extended header keyword 'LIBARCHIVE.xattr.com.apple.provenance'
tar: Ignoring unknown extended header keyword 'LIBARCHIVE.xattr.com.apple.provenance'
tar: Ignoring unknown extended header keyword 'LIBARCHIVE.xattr.com.apple.provenance'
tar: Ignoring unknown extended header keyword 'LIBARCHIVE.xattr.com.apple.provenance'
tar: Ignoring unknown extended header keyword 'LIBARCHIVE.xattr.com.apple.provenance'
tar: Ignoring unknown extended header keyword 'LIBARCHIVE.xattr.com.apple.provenance'
tar: Ignoring unknown extended header keyword 'LIBARCHIVE.xattr.com.apple.provenance'
tar: Ignoring unknown extended header keyword 'LIBARCHIVE.xattr.com.apple.provenance'
tar: Ignoring unknown extended header keyword 'LIBARCHIVE.xattr.com.apple.provenance'
tar: Ignoring unknown extended header keyword 'LIBARCHIVE.xattr.com.apple.provenance'
tar: Ignoring unknown extended header keyword 'LIBARCHIVE.xattr.com.apple.provenance'
tar: Ignoring unknown extended header keyword 'LIBARCHIVE.xattr.com.apple.provenance'
tar: Ignoring unknown extended header keyword 'LIBARCHIVE.xattr.com.apple.provenance'
tar: Ignoring unknown extended header keyword 'LIBARCHIVE.xattr.com.apple.provenance'
tar: Ignoring unknown extended header keyword 'LIBARCHIVE.xattr.com.apple.provenance'
tar: Ignoring unknown extended header keyword 'LIBARCHIVE.xattr.com.apple.provenance'
tar: Ignoring unknown extended header keyword 'LIBARCHIVE.xattr.com.apple.provenance'
tar: Ignoring unknown extended header keyword 'LIBARCHIVE.xattr.com.apple.provenance'
tar: Ignoring unknown extended header keyword 'LIBARCHIVE.xattr.com.apple.provenance'
tar: Ignoring unknown extended header keyword 'LIBARCHIVE.xattr.com.apple.provenance'
tar: Ignoring unknown extended header keyword 'LIBARCHIVE.xattr.com.apple.provenance'
tar: Ignoring unknown extended header keyword 'LIBARCHIVE.xattr.com.apple.provenance'
tar: Ignoring unknown extended header keyword 'LIBARCHIVE.xattr.com.apple.provenance'
tar: Ignoring unknown extended header keyword 'LIBARCHIVE.xattr.com.apple.provenance'
tar: Ignoring unknown extended header keyword 'LIBARCHIVE.xattr.com.apple.provenance'
tar: Ignoring unknown extended header keyword 'LIBARCHIVE.xattr.com.apple.provenance'
tar: Ignoring unknown extended header keyword 'LIBARCHIVE.xattr.com.apple.provenance'
tar: Ignoring unknown extended header keyword 'LIBARCHIVE.xattr.com.apple.provenance'
tar: Ignoring unknown extended header keyword 'LIBARCHIVE.xattr.com.apple.provenance'
tar: Ignoring unknown extended header keyword 'LIBARCHIVE.xattr.com.apple.provenance'
tar: Ignoring unknown extended header keyword 'LIBARCHIVE.xattr.com.apple.provenance'
tar: Ignoring unknown extended header keyword 'LIBARCHIVE.xattr.com.apple.provenance'
tar: Ignoring unknown extended header keyword 'LIBARCHIVE.xattr.com.apple.provenance'
tar: Ignoring unknown extended header keyword 'LIBARCHIVE.xattr.com.apple.provenance'
tar: Ignoring unknown extended header keyword 'LIBARCHIVE.xattr.com.apple.provenance'
tar: Ignoring unknown extended header keyword 'LIBARCHIVE.xattr.com.apple.provenance'
tar: Ignoring unknown extended header keyword 'LIBARCHIVE.xattr.com.apple.provenance'
tar: Ignoring unknown extended header keyword 'LIBARCHIVE.xattr.com.apple.provenance'
tar: Ignoring unknown extended header keyword 'LIBARCHIVE.xattr.com.apple.provenance'
tar: Ignoring unknown extended header keyword 'LIBARCHIVE.xattr.com.apple.provenance'
tar: Ignoring unknown extended header keyword 'LIBARCHIVE.xattr.com.apple.provenance'
tar: Ignoring unknown extended header keyword 'LIBARCHIVE.xattr.com.apple.provenance'
tar: Ignoring unknown extended header keyword 'LIBARCHIVE.xattr.com.apple.provenance'
tar: Ignoring unknown extended header keyword 'LIBARCHIVE.xattr.com.apple.provenance'
tar: Ignoring unknown extended header keyword 'LIBARCHIVE.xattr.com.apple.provenance'
tar: Ignoring unknown extended header keyword 'LIBARCHIVE.xattr.com.apple.provenance'
tar: Ignoring unknown extended header keyword 'LIBARCHIVE.xattr.com.apple.provenance'
tar: Ignoring unknown extended header keyword 'LIBARCHIVE.xattr.com.apple.provenance'
tar: Ignoring unknown extended header keyword 'LIBARCHIVE.xattr.com.apple.provenance'
tar: Ignoring unknown extended header keyword 'LIBARCHIVE.xattr.com.apple.provenance'
tar: Ignoring unknown extended header keyword 'LIBARCHIVE.xattr.com.apple.provenance'
tar: Ignoring unknown extended header keyword 'LIBARCHIVE.xattr.com.apple.provenance'
tar: Ignoring unknown extended header keyword 'LIBARCHIVE.xattr.com.apple.provenance'
tar: Ignoring unknown extended header keyword 'LIBARCHIVE.xattr.com.apple.provenance'
tar: Ignoring unknown extended header keyword 'LIBARCHIVE.xattr.com.apple.provenance'
tar: Ignoring unknown extended header keyword 'LIBARCHIVE.xattr.com.apple.provenance'
tar: Ignoring unknown extended header keyword 'LIBARCHIVE.xattr.com.apple.provenance'
tar: Ignoring unknown extended header keyword 'LIBARCHIVE.xattr.com.apple.provenance'
tar: Ignoring unknown extended header keyword 'LIBARCHIVE.xattr.com.apple.provenance'
tar: Ignoring unknown extended header keyword 'LIBARCHIVE.xattr.com.apple.provenance'
tar: Ignoring unknown extended header keyword 'LIBARCHIVE.xattr.com.apple.provenance'
tar: Ignoring unknown extended header keyword 'LIBARCHIVE.xattr.com.apple.provenance'
tar: Ignoring unknown extended header keyword 'LIBARCHIVE.xattr.com.apple.provenance'
tar: Ignoring unknown extended header keyword 'LIBARCHIVE.xattr.com.apple.provenance'
tar: Ignoring unknown extended header keyword 'LIBARCHIVE.xattr.com.apple.provenance'
tar: Ignoring unknown extended header keyword 'LIBARCHIVE.xattr.com.apple.provenance'
tar: Ignoring unknown extended header keyword 'LIBARCHIVE.xattr.com.apple.provenance'
tar: Ignoring unknown extended header keyword 'LIBARCHIVE.xattr.com.apple.provenance'
tar: Ignoring unknown extended header keyword 'LIBARCHIVE.xattr.com.apple.provenance'
tar: Ignoring unknown extended header keyword 'LIBARCHIVE.xattr.com.apple.provenance'
tar: Ignoring unknown extended header keyword 'LIBARCHIVE.xattr.com.apple.provenance'
tar: Ignoring unknown extended header keyword 'LIBARCHIVE.xattr.com.apple.provenance'
tar: Ignoring unknown extended header keyword 'LIBARCHIVE.xattr.com.apple.provenance'
tar: Ignoring unknown extended header keyword 'LIBARCHIVE.xattr.com.apple.provenance'
tar: Ignoring unknown extended header keyword 'LIBARCHIVE.xattr.com.apple.provenance'
tar: Ignoring unknown extended header keyword 'LIBARCHIVE.xattr.com.apple.provenance'
tar: Ignoring unknown extended header keyword 'LIBARCHIVE.xattr.com.apple.provenance'
tar: Ignoring unknown extended header keyword 'LIBARCHIVE.xattr.com.apple.provenance'
tar: Ignoring unknown extended header keyword 'LIBARCHIVE.xattr.com.apple.provenance'
tar: Ignoring unknown extended header keyword 'LIBARCHIVE.xattr.com.apple.provenance'
tar: Ignoring unknown extended header keyword 'LIBARCHIVE.xattr.com.apple.provenance'
tar: Ignoring unknown extended header keyword 'LIBARCHIVE.xattr.com.apple.provenance'
tar: Ignoring unknown extended header keyword 'LIBARCHIVE.xattr.com.apple.provenance'
tar: Ignoring unknown extended header keyword 'LIBARCHIVE.xattr.com.apple.provenance'
tar: Ignoring unknown extended header keyword 'LIBARCHIVE.xattr.com.apple.provenance'
tar: Ignoring unknown extended header keyword 'LIBARCHIVE.xattr.com.apple.provenance'
tar: Ignoring unknown extended header keyword 'LIBARCHIVE.xattr.com.apple.provenance'
tar: Ignoring unknown extended header keyword 'LIBARCHIVE.xattr.com.apple.provenance'
tar: Ignoring unknown extended header keyword 'LIBARCHIVE.xattr.com.apple.provenance'
tar: Ignoring unknown extended header keyword 'LIBARCHIVE.xattr.com.apple.provenance'
tar: Ignoring unknown extended header keyword 'LIBARCHIVE.xattr.com.apple.provenance'
tar: Ignoring unknown extended header keyword 'LIBARCHIVE.xattr.com.apple.provenance'
tar: Ignoring unknown extended header keyword 'LIBARCHIVE.xattr.com.apple.provenance'
tar: Ignoring unknown extended header keyword 'LIBARCHIVE.xattr.com.apple.provenance'
tar: Ignoring unknown extended header keyword 'LIBARCHIVE.xattr.com.apple.provenance'
tar: Ignoring unknown extended header keyword 'LIBARCHIVE.xattr.com.apple.provenance'
tar: Ignoring unknown extended header keyword 'LIBARCHIVE.xattr.com.apple.provenance'
tar: Ignoring unknown extended header keyword 'LIBARCHIVE.xattr.com.apple.provenance'
tar: Ignoring unknown extended header keyword 'LIBARCHIVE.xattr.com.apple.provenance'
tar: Ignoring unknown extended header keyword 'LIBARCHIVE.xattr.com.apple.provenance'
tar: Ignoring unknown extended header keyword 'LIBARCHIVE.xattr.com.apple.provenance'
tar: Ignoring unknown extended header keyword 'LIBARCHIVE.xattr.com.apple.provenance'
tar: Ignoring unknown extended header keyword 'LIBARCHIVE.xattr.com.apple.provenance'
tar: Ignoring unknown extended header keyword 'LIBARCHIVE.xattr.com.apple.provenance'
tar: Ignoring unknown extended header keyword 'LIBARCHIVE.xattr.com.apple.provenance'
tar: Ignoring unknown extended header keyword 'LIBARCHIVE.xattr.com.apple.provenance'
tar: Ignoring unknown extended header keyword 'LIBARCHIVE.xattr.com.apple.provenance'
tar: Ignoring unknown extended header keyword 'LIBARCHIVE.xattr.com.apple.provenance'
tar: Ignoring unknown extended header keyword 'LIBARCHIVE.xattr.com.apple.provenance'
tar: Ignoring unknown extended header keyword 'LIBARCHIVE.xattr.com.apple.provenance'
tar: Ignoring unknown extended header keyword 'LIBARCHIVE.xattr.com.apple.provenance'
tar: Ignoring unknown extended header keyword 'LIBARCHIVE.xattr.com.apple.provenance'
tar: Ignoring unknown extended header keyword 'LIBARCHIVE.xattr.com.apple.provenance'
tar: Ignoring unknown extended header keyword 'LIBARCHIVE.xattr.com.apple.provenance'
tar: Ignoring unknown extended header keyword 'LIBARCHIVE.xattr.com.apple.provenance'
tar: Ignoring unknown extended header keyword 'LIBARCHIVE.xattr.com.apple.provenance'
tar: Ignoring unknown extended header keyword 'LIBARCHIVE.xattr.com.apple.provenance'
tar: Ignoring unknown extended header keyword 'LIBARCHIVE.xattr.com.apple.provenance'
tar: Ignoring unknown extended header keyword 'LIBARCHIVE.xattr.com.apple.provenance'
tar: Ignoring unknown extended header keyword 'LIBARCHIVE.xattr.com.apple.provenance'
tar: Ignoring unknown extended header keyword 'LIBARCHIVE.xattr.com.apple.provenance'
tar: Ignoring unknown extended header keyword 'LIBARCHIVE.xattr.com.apple.provenance'
tar: Ignoring unknown extended header keyword 'LIBARCHIVE.xattr.com.apple.provenance'
tar: Ignoring unknown extended header keyword 'LIBARCHIVE.xattr.com.apple.provenance'
tar: Ignoring unknown extended header keyword 'LIBARCHIVE.xattr.com.apple.provenance'
tar: Ignoring unknown extended header keyword 'LIBARCHIVE.xattr.com.apple.provenance'
tar: Ignoring unknown extended header keyword 'LIBARCHIVE.xattr.com.apple.provenance'
tar: Ignoring unknown extended header keyword 'LIBARCHIVE.xattr.com.apple.provenance'
tar: Ignoring unknown extended header keyword 'LIBARCHIVE.xattr.com.apple.provenance'
tar: Ignoring unknown extended header keyword 'LIBARCHIVE.xattr.com.apple.provenance'
tar: Ignoring unknown extended header keyword 'LIBARCHIVE.xattr.com.apple.provenance'
tar: Ignoring unknown extended header keyword 'LIBARCHIVE.xattr.com.apple.provenance'
tar: Ignoring unknown extended header keyword 'LIBARCHIVE.xattr.com.apple.provenance'
tar: Ignoring unknown extended header keyword 'LIBARCHIVE.xattr.com.apple.provenance'
tar: Ignoring unknown extended header keyword 'LIBARCHIVE.xattr.com.apple.provenance'
tar: Ignoring unknown extended header keyword 'LIBARCHIVE.xattr.com.apple.provenance'
tar: Ignoring unknown extended header keyword 'LIBARCHIVE.xattr.com.apple.provenance'
tar: Ignoring unknown extended header keyword 'LIBARCHIVE.xattr.com.apple.provenance'
tar: Ignoring unknown extended header keyword 'LIBARCHIVE.xattr.com.apple.provenance'
tar: Ignoring unknown extended header keyword 'LIBARCHIVE.xattr.com.apple.provenance'
tar: Ignoring unknown extended header keyword 'LIBARCHIVE.xattr.com.apple.provenance'
tar: Ignoring unknown extended header keyword 'LIBARCHIVE.xattr.com.apple.provenance'
tar: Ignoring unknown extended header keyword 'LIBARCHIVE.xattr.com.apple.provenance'
tar: Ignoring unknown extended header keyword 'LIBARCHIVE.xattr.com.apple.provenance'
tar: Ignoring unknown extended header keyword 'LIBARCHIVE.xattr.com.apple.provenance'
tar: Ignoring unknown extended header keyword 'LIBARCHIVE.xattr.com.apple.provenance'
tar: Ignoring unknown extended header keyword 'LIBARCHIVE.xattr.com.apple.provenance'
tar: Ignoring unknown extended header keyword 'LIBARCHIVE.xattr.com.apple.provenance'
tar: Ignoring unknown extended header keyword 'LIBARCHIVE.xattr.com.apple.provenance'
tar: Ignoring unknown extended header keyword 'LIBARCHIVE.xattr.com.apple.provenance'
tar: Ignoring unknown extended header keyword 'LIBARCHIVE.xattr.com.apple.provenance'
tar: Ignoring unknown extended header keyword 'LIBARCHIVE.xattr.com.apple.provenance'
tar: Ignoring unknown extended header keyword 'LIBARCHIVE.xattr.com.apple.provenance'
tar: Ignoring unknown extended header keyword 'LIBARCHIVE.xattr.com.apple.provenance'
tar: Ignoring unknown extended header keyword 'LIBARCHIVE.xattr.com.apple.provenance'
tar: Ignoring unknown extended header keyword 'LIBARCHIVE.xattr.com.apple.provenance'
tar: Ignoring unknown extended header keyword 'LIBARCHIVE.xattr.com.apple.provenance'
tar: Ignoring unknown extended header keyword 'LIBARCHIVE.xattr.com.apple.provenance'
tar: Ignoring unknown extended header keyword 'LIBARCHIVE.xattr.com.apple.provenance'
tar: Ignoring unknown extended header keyword 'LIBARCHIVE.xattr.com.apple.provenance'
tar: Ignoring unknown extended header keyword 'LIBARCHIVE.xattr.com.apple.provenance'
tar: Ignoring unknown extended header keyword 'LIBARCHIVE.xattr.com.apple.provenance'
tar: Ignoring unknown extended header keyword 'LIBARCHIVE.xattr.com.apple.provenance'
tar: Ignoring unknown extended header keyword 'LIBARCHIVE.xattr.com.apple.provenance'
tar: Ignoring unknown extended header keyword 'LIBARCHIVE.xattr.com.apple.provenance'
tar: Ignoring unknown extended header keyword 'LIBARCHIVE.xattr.com.apple.provenance'
tar: Ignoring unknown extended header keyword 'LIBARCHIVE.xattr.com.apple.provenance'
tar: Ignoring unknown extended header keyword 'LIBARCHIVE.xattr.com.apple.provenance'
tar: Ignoring unknown extended header keyword 'LIBARCHIVE.xattr.com.apple.provenance'
tar: Ignoring unknown extended header keyword 'LIBARCHIVE.xattr.com.apple.provenance'
tar: Ignoring unknown extended header keyword 'LIBARCHIVE.xattr.com.apple.provenance'
tar: Ignoring unknown extended header keyword 'LIBARCHIVE.xattr.com.apple.provenance'
tar: Ignoring unknown extended header keyword 'LIBARCHIVE.xattr.com.apple.provenance'
tar: Ignoring unknown extended header keyword 'LIBARCHIVE.xattr.com.apple.provenance'
tar: Ignoring unknown extended header keyword 'LIBARCHIVE.xattr.com.apple.provenance'
tar: Ignoring unknown extended header keyword 'LIBARCHIVE.xattr.com.apple.provenance'
tar: Ignoring unknown extended header keyword 'LIBARCHIVE.xattr.com.apple.provenance'
tar: Ignoring unknown extended header keyword 'LIBARCHIVE.xattr.com.apple.provenance'
tar: Ignoring unknown extended header keyword 'LIBARCHIVE.xattr.com.apple.provenance'
tar: Ignoring unknown extended header keyword 'LIBARCHIVE.xattr.com.apple.provenance'
tar: Ignoring unknown extended header keyword 'LIBARCHIVE.xattr.com.apple.provenance'
tar: Ignoring unknown extended header keyword 'LIBARCHIVE.xattr.com.apple.provenance'
tar: Ignoring unknown extended header keyword 'LIBARCHIVE.xattr.com.apple.provenance'
tar: Ignoring unknown extended header keyword 'LIBARCHIVE.xattr.com.apple.provenance'
tar: Ignoring unknown extended header keyword 'LIBARCHIVE.xattr.com.apple.provenance'
tar: Ignoring unknown extended header keyword 'LIBARCHIVE.xattr.com.apple.provenance'
tar: Ignoring unknown extended header keyword 'LIBARCHIVE.xattr.com.apple.provenance'
tar: Ignoring unknown extended header keyword 'LIBARCHIVE.xattr.com.apple.provenance'
tar: Ignoring unknown extended header keyword 'LIBARCHIVE.xattr.com.apple.provenance'
tar: Ignoring unknown extended header keyword 'LIBARCHIVE.xattr.com.apple.provenance'
tar: Ignoring unknown extended header keyword 'LIBARCHIVE.xattr.com.apple.provenance'
tar: Ignoring unknown extended header keyword 'LIBARCHIVE.xattr.com.apple.provenance'
tar: Ignoring unknown extended header keyword 'LIBARCHIVE.xattr.com.apple.provenance'
tar: Ignoring unknown extended header keyword 'LIBARCHIVE.xattr.com.apple.provenance'
tar: Ignoring unknown extended header keyword 'LIBARCHIVE.xattr.com.apple.provenance'
tar: Ignoring unknown extended header keyword 'LIBARCHIVE.xattr.com.apple.provenance'
tar: Ignoring unknown extended header keyword 'LIBARCHIVE.xattr.com.apple.provenance'
tar: Ignoring unknown extended header keyword 'LIBARCHIVE.xattr.com.apple.provenance'
tar: Ignoring unknown extended header keyword 'LIBARCHIVE.xattr.com.apple.provenance'
tar: Ignoring unknown extended header keyword 'LIBARCHIVE.xattr.com.apple.provenance'
tar: Ignoring unknown extended header keyword 'LIBARCHIVE.xattr.com.apple.provenance'
tar: Ignoring unknown extended header keyword 'LIBARCHIVE.xattr.com.apple.provenance'
tar: Ignoring unknown extended header keyword 'LIBARCHIVE.xattr.com.apple.provenance'
tar: Ignoring unknown extended header keyword 'LIBARCHIVE.xattr.com.apple.provenance'
tar: Ignoring unknown extended header keyword 'LIBARCHIVE.xattr.com.apple.provenance'
tar: Ignoring unknown extended header keyword 'LIBARCHIVE.xattr.com.apple.provenance'
tar: Ignoring unknown extended header keyword 'LIBARCHIVE.xattr.com.apple.provenance'
tar: Ignoring unknown extended header keyword 'LIBARCHIVE.xattr.com.apple.provenance'
tar: Ignoring unknown extended header keyword 'LIBARCHIVE.xattr.com.apple.provenance'
tar: Ignoring unknown extended header keyword 'LIBARCHIVE.xattr.com.apple.provenance'
tar: Ignoring unknown extended header keyword 'LIBARCHIVE.xattr.com.apple.provenance'
tar: Ignoring unknown extended header keyword 'LIBARCHIVE.xattr.com.apple.provenance'
tar: Ignoring unknown extended header keyword 'LIBARCHIVE.xattr.com.apple.provenance'
tar: Ignoring unknown extended header keyword 'LIBARCHIVE.xattr.com.apple.provenance'
tar: Ignoring unknown extended header keyword 'LIBARCHIVE.xattr.com.apple.provenance'
tar: Ignoring unknown extended header keyword 'LIBARCHIVE.xattr.com.apple.provenance'
tar: Ignoring unknown extended header keyword 'LIBARCHIVE.xattr.com.apple.provenance'
tar: Ignoring unknown extended header keyword 'LIBARCHIVE.xattr.com.apple.provenance'
tar: Ignoring unknown extended header keyword 'LIBARCHIVE.xattr.com.apple.provenance'
tar: Ignoring unknown extended header keyword 'LIBARCHIVE.xattr.com.apple.provenance'
tar: Ignoring unknown extended header keyword 'LIBARCHIVE.xattr.com.apple.provenance'
tar: Ignoring unknown extended header keyword 'LIBARCHIVE.xattr.com.apple.provenance'
tar: Ignoring unknown extended header keyword 'LIBARCHIVE.xattr.com.apple.provenance'
tar: Ignoring unknown extended header keyword 'LIBARCHIVE.xattr.com.apple.provenance'
tar: Ignoring unknown extended header keyword 'LIBARCHIVE.xattr.com.apple.provenance'
tar: Ignoring unknown extended header keyword 'LIBARCHIVE.xattr.com.apple.provenance'
tar: Ignoring unknown extended header keyword 'LIBARCHIVE.xattr.com.apple.provenance'
tar: Ignoring unknown extended header keyword 'LIBARCHIVE.xattr.com.apple.provenance'
tar: Ignoring unknown extended header keyword 'LIBARCHIVE.xattr.com.apple.provenance'
tar: Ignoring unknown extended header keyword 'LIBARCHIVE.xattr.com.apple.provenance'
tar: Ignoring unknown extended header keyword 'LIBARCHIVE.xattr.com.apple.provenance'
tar: Ignoring unknown extended header keyword 'LIBARCHIVE.xattr.com.apple.provenance'
tar: Ignoring unknown extended header keyword 'LIBARCHIVE.xattr.com.apple.provenance'
tar: Ignoring unknown extended header keyword 'LIBARCHIVE.xattr.com.apple.provenance'
tar: Ignoring unknown extended header keyword 'LIBARCHIVE.xattr.com.apple.provenance'
tar: Ignoring unknown extended header keyword 'LIBARCHIVE.xattr.com.apple.provenance'
tar: Ignoring unknown extended header keyword 'LIBARCHIVE.xattr.com.apple.provenance'
tar: Ignoring unknown extended header keyword 'LIBARCHIVE.xattr.com.apple.provenance'
tar: Ignoring unknown extended header keyword 'LIBARCHIVE.xattr.com.apple.provenance'
tar: Ignoring unknown extended header keyword 'LIBARCHIVE.xattr.com.apple.provenance'
tar: Ignoring unknown extended header keyword 'LIBARCHIVE.xattr.com.apple.provenance'
tar: Ignoring unknown extended header keyword 'LIBARCHIVE.xattr.com.apple.provenance'
tar: Ignoring unknown extended header keyword 'LIBARCHIVE.xattr.com.apple.provenance'
tar: Ignoring unknown extended header keyword 'LIBARCHIVE.xattr.com.apple.provenance'
tar: Ignoring unknown extended header keyword 'LIBARCHIVE.xattr.com.apple.provenance'
tar: Ignoring unknown extended header keyword 'LIBARCHIVE.xattr.com.apple.provenance'
tar: Ignoring unknown extended header keyword 'LIBARCHIVE.xattr.com.apple.provenance'
tar: Ignoring unknown extended header keyword 'LIBARCHIVE.xattr.com.apple.provenance'
tar: Ignoring unknown extended header keyword 'LIBARCHIVE.xattr.com.apple.provenance'
tar: Ignoring unknown extended header keyword 'LIBARCHIVE.xattr.com.apple.provenance'
tar: Ignoring unknown extended header keyword 'LIBARCHIVE.xattr.com.apple.provenance'
tar: Ignoring unknown extended header keyword 'LIBARCHIVE.xattr.com.apple.provenance'
tar: Ignoring unknown extended header keyword 'LIBARCHIVE.xattr.com.apple.provenance'
tar: Ignoring unknown extended header keyword 'LIBARCHIVE.xattr.com.apple.provenance'
tar: Ignoring unknown extended header keyword 'LIBARCHIVE.xattr.com.apple.provenance'
tar: Ignoring unknown extended header keyword 'LIBARCHIVE.xattr.com.apple.provenance'
tar: Ignoring unknown extended header keyword 'LIBARCHIVE.xattr.com.apple.provenance'
tar: Ignoring unknown extended header keyword 'LIBARCHIVE.xattr.com.apple.provenance'
tar: Ignoring unknown extended header keyword 'LIBARCHIVE.xattr.com.apple.provenance'
tar: Ignoring unknown extended header keyword 'LIBARCHIVE.xattr.com.apple.provenance'
tar: Ignoring unknown extended header keyword 'LIBARCHIVE.xattr.com.apple.provenance'
tar: Ignoring unknown extended header keyword 'LIBARCHIVE.xattr.com.apple.provenance'
tar: Ignoring unknown extended header keyword 'LIBARCHIVE.xattr.com.apple.provenance'
tar: Ignoring unknown extended header keyword 'LIBARCHIVE.xattr.com.apple.provenance'
tar: Ignoring unknown extended header keyword 'LIBARCHIVE.xattr.com.apple.provenance'
tar: Ignoring unknown extended header keyword 'LIBARCHIVE.xattr.com.apple.provenance'
tar: Ignoring unknown extended header keyword 'LIBARCHIVE.xattr.com.apple.provenance'
tar: Ignoring unknown extended header keyword 'LIBARCHIVE.xattr.com.apple.provenance'
tar: Ignoring unknown extended header keyword 'LIBARCHIVE.xattr.com.apple.provenance'
tar: Ignoring unknown extended header keyword 'LIBARCHIVE.xattr.com.apple.provenance'
tar: Ignoring unknown extended header keyword 'LIBARCHIVE.xattr.com.apple.provenance'
tar: Ignoring unknown extended header keyword 'LIBARCHIVE.xattr.com.apple.provenance'
tar: Ignoring unknown extended header keyword 'LIBARCHIVE.xattr.com.apple.provenance'
tar: Ignoring unknown extended header keyword 'LIBARCHIVE.xattr.com.apple.provenance'
tar: Ignoring unknown extended header keyword 'LIBARCHIVE.xattr.com.apple.provenance'
tar: Ignoring unknown extended header keyword 'LIBARCHIVE.xattr.com.apple.provenance'
tar: Ignoring unknown extended header keyword 'LIBARCHIVE.xattr.com.apple.provenance'
tar: Ignoring unknown extended header keyword 'LIBARCHIVE.xattr.com.apple.provenance'
tar: Ignoring unknown extended header keyword 'LIBARCHIVE.xattr.com.apple.provenance'
tar: Ignoring unknown extended header keyword 'LIBARCHIVE.xattr.com.apple.provenance'
tar: Ignoring unknown extended header keyword 'LIBARCHIVE.xattr.com.apple.provenance'
tar: Ignoring unknown extended header keyword 'LIBARCHIVE.xattr.com.apple.provenance'
tar: Ignoring unknown extended header keyword 'LIBARCHIVE.xattr.com.apple.provenance'
tar: Ignoring unknown extended header keyword 'LIBARCHIVE.xattr.com.apple.provenance'
tar: Ignoring unknown extended header keyword 'LIBARCHIVE.xattr.com.apple.provenance'
tar: Ignoring unknown extended header keyword 'LIBARCHIVE.xattr.com.apple.provenance'
tar: Ignoring unknown extended header keyword 'LIBARCHIVE.xattr.com.apple.provenance'
tar: Ignoring unknown extended header keyword 'LIBARCHIVE.xattr.com.apple.provenance'
tar: Ignoring unknown extended header keyword 'LIBARCHIVE.xattr.com.apple.provenance'
tar: Ignoring unknown extended header keyword 'LIBARCHIVE.xattr.com.apple.provenance'
tar: Ignoring unknown extended header keyword 'LIBARCHIVE.xattr.com.apple.provenance'
tar: Ignoring unknown extended header keyword 'LIBARCHIVE.xattr.com.apple.provenance'
tar: Ignoring unknown extended header keyword 'LIBARCHIVE.xattr.com.apple.provenance'
tar: Ignoring unknown extended header keyword 'LIBARCHIVE.xattr.com.apple.provenance'
tar: Ignoring unknown extended header keyword 'LIBARCHIVE.xattr.com.apple.provenance'
tar: Ignoring unknown extended header keyword 'LIBARCHIVE.xattr.com.apple.provenance'
tar: Ignoring unknown extended header keyword 'LIBARCHIVE.xattr.com.apple.provenance'
tar: Ignoring unknown extended header keyword 'LIBARCHIVE.xattr.com.apple.provenance'
tar: Ignoring unknown extended header keyword 'LIBARCHIVE.xattr.com.apple.provenance'
tar: Ignoring unknown extended header keyword 'LIBARCHIVE.xattr.com.apple.provenance'
tar: Ignoring unknown extended header keyword 'LIBARCHIVE.xattr.com.apple.provenance'
tar: Ignoring unknown extended header keyword 'LIBARCHIVE.xattr.com.apple.provenance'
tar: Ignoring unknown extended header keyword 'LIBARCHIVE.xattr.com.apple.provenance'
tar: Ignoring unknown extended header keyword 'LIBARCHIVE.xattr.com.apple.provenance'
tar: Ignoring unknown extended header keyword 'LIBARCHIVE.xattr.com.apple.provenance'
tar: Ignoring unknown extended header keyword 'LIBARCHIVE.xattr.com.apple.provenance'
tar: Ignoring unknown extended header keyword 'LIBARCHIVE.xattr.com.apple.provenance'
tar: Ignoring unknown extended header keyword 'LIBARCHIVE.xattr.com.apple.provenance'
tar: Ignoring unknown extended header keyword 'LIBARCHIVE.xattr.com.apple.provenance'
tar: Ignoring unknown extended header keyword 'LIBARCHIVE.xattr.com.apple.provenance'
tar: Ignoring unknown extended header keyword 'LIBARCHIVE.xattr.com.apple.provenance'
tar: Ignoring unknown extended header keyword 'LIBARCHIVE.xattr.com.apple.provenance'
tar: Ignoring unknown extended header keyword 'LIBARCHIVE.xattr.com.apple.provenance'
tar: Ignoring unknown extended header keyword 'LIBARCHIVE.xattr.com.apple.provenance'
tar: Ignoring unknown extended header keyword 'LIBARCHIVE.xattr.com.apple.provenance'
tar: Ignoring unknown extended header keyword 'LIBARCHIVE.xattr.com.apple.provenance'
tar: Ignoring unknown extended header keyword 'LIBARCHIVE.xattr.com.apple.provenance'
tar: Ignoring unknown extended header keyword 'LIBARCHIVE.xattr.com.apple.provenance'
tar: Ignoring unknown extended header keyword 'LIBARCHIVE.xattr.com.apple.provenance'
tar: Ignoring unknown extended header keyword 'LIBARCHIVE.xattr.com.apple.provenance'
tar: Ignoring unknown extended header keyword 'LIBARCHIVE.xattr.com.apple.provenance'
tar: Ignoring unknown extended header keyword 'LIBARCHIVE.xattr.com.apple.provenance'
tar: Ignoring unknown extended header keyword 'LIBARCHIVE.xattr.com.apple.provenance'
tar: Ignoring unknown extended header keyword 'LIBARCHIVE.xattr.com.apple.provenance'
tar: Ignoring unknown extended header keyword 'LIBARCHIVE.xattr.com.apple.provenance'
tar: Ignoring unknown extended header keyword 'LIBARCHIVE.xattr.com.apple.provenance'
tar: Ignoring unknown extended header keyword 'LIBARCHIVE.xattr.com.apple.provenance'
tar: Ignoring unknown extended header keyword 'LIBARCHIVE.xattr.com.apple.provenance'
tar: Ignoring unknown extended header keyword 'LIBARCHIVE.xattr.com.apple.provenance'
tar: Ignoring unknown extended header keyword 'LIBARCHIVE.xattr.com.apple.provenance'
tar: Ignoring unknown extended header keyword 'LIBARCHIVE.xattr.com.apple.provenance'
tar: Ignoring unknown extended header keyword 'LIBARCHIVE.xattr.com.apple.provenance'
tar: Ignoring unknown extended header keyword 'LIBARCHIVE.xattr.com.apple.provenance'
tar: Ignoring unknown extended header keyword 'LIBARCHIVE.xattr.com.apple.provenance'
tar: Ignoring unknown extended header keyword 'LIBARCHIVE.xattr.com.apple.provenance'
tar: Ignoring unknown extended header keyword 'LIBARCHIVE.xattr.com.apple.provenance'
tar: Ignoring unknown extended header keyword 'LIBARCHIVE.xattr.com.apple.provenance'
tar: Ignoring unknown extended header keyword 'LIBARCHIVE.xattr.com.apple.provenance'
tar: Ignoring unknown extended header keyword 'LIBARCHIVE.xattr.com.apple.provenance'
tar: Ignoring unknown extended header keyword 'LIBARCHIVE.xattr.com.apple.provenance'
tar: Ignoring unknown extended header keyword 'LIBARCHIVE.xattr.com.apple.provenance'
tar: Ignoring unknown extended header keyword 'LIBARCHIVE.xattr.com.apple.provenance'
tar: Ignoring unknown extended header keyword 'LIBARCHIVE.xattr.com.apple.provenance'
tar: Ignoring unknown extended header keyword 'LIBARCHIVE.xattr.com.apple.provenance'
tar: Ignoring unknown extended header keyword 'LIBARCHIVE.xattr.com.apple.provenance'
tar: Ignoring unknown extended header keyword 'LIBARCHIVE.xattr.com.apple.provenance'
tar: Ignoring unknown extended header keyword 'LIBARCHIVE.xattr.com.apple.provenance'
tar: Ignoring unknown extended header keyword 'LIBARCHIVE.xattr.com.apple.provenance'
tar: Ignoring unknown extended header keyword 'LIBARCHIVE.xattr.com.apple.provenance'
tar: Ignoring unknown extended header keyword 'LIBARCHIVE.xattr.com.apple.provenance'
tar: Ignoring unknown extended header keyword 'LIBARCHIVE.xattr.com.apple.provenance'
tar: Ignoring unknown extended header keyword 'LIBARCHIVE.xattr.com.apple.provenance'
tar: Ignoring unknown extended header keyword 'LIBARCHIVE.xattr.com.apple.provenance'
tar: Ignoring unknown extended header keyword 'LIBARCHIVE.xattr.com.apple.provenance'
tar: Ignoring unknown extended header keyword 'LIBARCHIVE.xattr.com.apple.provenance'
tar: Ignoring unknown extended header keyword 'LIBARCHIVE.xattr.com.apple.provenance'
tar: Ignoring unknown extended header keyword 'LIBARCHIVE.xattr.com.apple.provenance'
tar: Ignoring unknown extended header keyword 'LIBARCHIVE.xattr.com.apple.provenance'
tar: Ignoring unknown extended header keyword 'LIBARCHIVE.xattr.com.apple.provenance'
tar: Ignoring unknown extended header keyword 'LIBARCHIVE.xattr.com.apple.provenance'
tar: Ignoring unknown extended header keyword 'LIBARCHIVE.xattr.com.apple.provenance'
tar: Ignoring unknown extended header keyword 'LIBARCHIVE.xattr.com.apple.provenance'
tar: Ignoring unknown extended header keyword 'LIBARCHIVE.xattr.com.apple.provenance'
tar: Ignoring unknown extended header keyword 'LIBARCHIVE.xattr.com.apple.provenance'
tar: Ignoring unknown extended header keyword 'LIBARCHIVE.xattr.com.apple.provenance'
tar: Ignoring unknown extended header keyword 'LIBARCHIVE.xattr.com.apple.provenance'
tar: Ignoring unknown extended header keyword 'LIBARCHIVE.xattr.com.apple.provenance'
tar: Ignoring unknown extended header keyword 'LIBARCHIVE.xattr.com.apple.provenance'
tar: Ignoring unknown extended header keyword 'LIBARCHIVE.xattr.com.apple.provenance'
tar: Ignoring unknown extended header keyword 'LIBARCHIVE.xattr.com.apple.provenance'
tar: Ignoring unknown extended header keyword 'LIBARCHIVE.xattr.com.apple.provenance'
tar: Ignoring unknown extended header keyword 'LIBARCHIVE.xattr.com.apple.provenance'
tar: Ignoring unknown extended header keyword 'LIBARCHIVE.xattr.com.apple.provenance'
tar: Ignoring unknown extended header keyword 'LIBARCHIVE.xattr.com.apple.provenance'
tar: Ignoring unknown extended header keyword 'LIBARCHIVE.xattr.com.apple.provenance'
tar: Ignoring unknown extended header keyword 'LIBARCHIVE.xattr.com.apple.provenance'
tar: Ignoring unknown extended header keyword 'LIBARCHIVE.xattr.com.apple.provenance'
tar: Ignoring unknown extended header keyword 'LIBARCHIVE.xattr.com.apple.provenance'
tar: Ignoring unknown extended header keyword 'LIBARCHIVE.xattr.com.apple.provenance'
tar: Ignoring unknown extended header keyword 'LIBARCHIVE.xattr.com.apple.provenance'
tar: Ignoring unknown extended header keyword 'LIBARCHIVE.xattr.com.apple.provenance'
tar: Ignoring unknown extended header keyword 'LIBARCHIVE.xattr.com.apple.provenance'
tar: Ignoring unknown extended header keyword 'LIBARCHIVE.xattr.com.apple.provenance'
tar: Ignoring unknown extended header keyword 'LIBARCHIVE.xattr.com.apple.provenance'
tar: Ignoring unknown extended header keyword 'LIBARCHIVE.xattr.com.apple.provenance'
tar: Ignoring unknown extended header keyword 'LIBARCHIVE.xattr.com.apple.provenance'
tar: Ignoring unknown extended header keyword 'LIBARCHIVE.xattr.com.apple.provenance'
tar: Ignoring unknown extended header keyword 'LIBARCHIVE.xattr.com.apple.provenance'
tar: Ignoring unknown extended header keyword 'LIBARCHIVE.xattr.com.apple.provenance'
tar: Ignoring unknown extended header keyword 'LIBARCHIVE.xattr.com.apple.provenance'
tar: Ignoring unknown extended header keyword 'LIBARCHIVE.xattr.com.apple.provenance'
tar: Ignoring unknown extended header keyword 'LIBARCHIVE.xattr.com.apple.provenance'
tar: Ignoring unknown extended header keyword 'LIBARCHIVE.xattr.com.apple.provenance'
tar: Ignoring unknown extended header keyword 'LIBARCHIVE.xattr.com.apple.provenance'
tar: Ignoring unknown extended header keyword 'LIBARCHIVE.xattr.com.apple.provenance'
tar: Ignoring unknown extended header keyword 'LIBARCHIVE.xattr.com.apple.provenance'
tar: Ignoring unknown extended header keyword 'LIBARCHIVE.xattr.com.apple.provenance'
tar: Ignoring unknown extended header keyword 'LIBARCHIVE.xattr.com.apple.provenance'
tar: Ignoring unknown extended header keyword 'LIBARCHIVE.xattr.com.apple.provenance'
tar: Ignoring unknown extended header keyword 'LIBARCHIVE.xattr.com.apple.provenance'
tar: Ignoring unknown extended header keyword 'LIBARCHIVE.xattr.com.apple.provenance'
tar: Ignoring unknown extended header keyword 'LIBARCHIVE.xattr.com.apple.provenance'
tar: Ignoring unknown extended header keyword 'LIBARCHIVE.xattr.com.apple.provenance'
tar: Ignoring unknown extended header keyword 'LIBARCHIVE.xattr.com.apple.provenance'
tar: Ignoring unknown extended header keyword 'LIBARCHIVE.xattr.com.apple.provenance'
tar: Ignoring unknown extended header keyword 'LIBARCHIVE.xattr.com.apple.provenance'
tar: Ignoring unknown extended header keyword 'LIBARCHIVE.xattr.com.apple.provenance'
tar: Ignoring unknown extended header keyword 'LIBARCHIVE.xattr.com.apple.provenance'
tar: Ignoring unknown extended header keyword 'LIBARCHIVE.xattr.com.apple.provenance'
tar: Ignoring unknown extended header keyword 'LIBARCHIVE.xattr.com.apple.provenance'
tar: Ignoring unknown extended header keyword 'LIBARCHIVE.xattr.com.apple.provenance'
tar: Ignoring unknown extended header keyword 'LIBARCHIVE.xattr.com.apple.provenance'
tar: Ignoring unknown extended header keyword 'LIBARCHIVE.xattr.com.apple.provenance'
tar: Ignoring unknown extended header keyword 'LIBARCHIVE.xattr.com.apple.provenance'
tar: Ignoring unknown extended header keyword 'LIBARCHIVE.xattr.com.apple.provenance'
tar: Ignoring unknown extended header keyword 'LIBARCHIVE.xattr.com.apple.provenance'
tar: Ignoring unknown extended header keyword 'LIBARCHIVE.xattr.com.apple.provenance'
tar: Ignoring unknown extended header keyword 'LIBARCHIVE.xattr.com.apple.provenance'
tar: Ignoring unknown extended header keyword 'LIBARCHIVE.xattr.com.apple.provenance'
tar: Ignoring unknown extended header keyword 'LIBARCHIVE.xattr.com.apple.provenance'
tar: Ignoring unknown extended header keyword 'LIBARCHIVE.xattr.com.apple.provenance'
tar: Ignoring unknown extended header keyword 'LIBARCHIVE.xattr.com.apple.provenance'
tar: Ignoring unknown extended header keyword 'LIBARCHIVE.xattr.com.apple.provenance'
tar: Ignoring unknown extended header keyword 'LIBARCHIVE.xattr.com.apple.provenance'
tar: Ignoring unknown extended header keyword 'LIBARCHIVE.xattr.com.apple.provenance'
tar: Ignoring unknown extended header keyword 'LIBARCHIVE.xattr.com.apple.provenance'
tar: Ignoring unknown extended header keyword 'LIBARCHIVE.xattr.com.apple.provenance'
tar: Ignoring unknown extended header keyword 'LIBARCHIVE.xattr.com.apple.provenance'
tar: Ignoring unknown extended header keyword 'LIBARCHIVE.xattr.com.apple.provenance'
tar: Ignoring unknown extended header keyword 'LIBARCHIVE.xattr.com.apple.provenance'
tar: Ignoring unknown extended header keyword 'LIBARCHIVE.xattr.com.apple.provenance'
tar: Ignoring unknown extended header keyword 'LIBARCHIVE.xattr.com.apple.provenance'
tar: Ignoring unknown extended header keyword 'LIBARCHIVE.xattr.com.apple.provenance'
tar: Ignoring unknown extended header keyword 'LIBARCHIVE.xattr.com.apple.provenance'
tar: Ignoring unknown extended header keyword 'LIBARCHIVE.xattr.com.apple.provenance'
tar: Ignoring unknown extended header keyword 'LIBARCHIVE.xattr.com.apple.provenance'
tar: Ignoring unknown extended header keyword 'LIBARCHIVE.xattr.com.apple.provenance'
tar: Ignoring unknown extended header keyword 'LIBARCHIVE.xattr.com.apple.provenance'
tar: Ignoring unknown extended header keyword 'LIBARCHIVE.xattr.com.apple.provenance'
tar: Ignoring unknown extended header keyword 'LIBARCHIVE.xattr.com.apple.provenance'
tar: Ignoring unknown extended header keyword 'LIBARCHIVE.xattr.com.apple.provenance'
tar: Ignoring unknown extended header keyword 'LIBARCHIVE.xattr.com.apple.provenance'
tar: Ignoring unknown extended header keyword 'LIBARCHIVE.xattr.com.apple.provenance'
tar: Ignoring unknown extended header keyword 'LIBARCHIVE.xattr.com.apple.provenance'
tar: Ignoring unknown extended header keyword 'LIBARCHIVE.xattr.com.apple.provenance'
tar: Ignoring unknown extended header keyword 'LIBARCHIVE.xattr.com.apple.provenance'
tar: Ignoring unknown extended header keyword 'LIBARCHIVE.xattr.com.apple.provenance'
tar: Ignoring unknown extended header keyword 'LIBARCHIVE.xattr.com.apple.provenance'
tar: Ignoring unknown extended header keyword 'LIBARCHIVE.xattr.com.apple.provenance'
tar: Ignoring unknown extended header keyword 'LIBARCHIVE.xattr.com.apple.provenance'
tar: Ignoring unknown extended header keyword 'LIBARCHIVE.xattr.com.apple.provenance'
tar: Ignoring unknown extended header keyword 'LIBARCHIVE.xattr.com.apple.provenance'
tar: Ignoring unknown extended header keyword 'LIBARCHIVE.xattr.com.apple.provenance'
tar: Ignoring unknown extended header keyword 'LIBARCHIVE.xattr.com.apple.provenance'
tar: Ignoring unknown extended header keyword 'LIBARCHIVE.xattr.com.apple.provenance'
tar: Ignoring unknown extended header keyword 'LIBARCHIVE.xattr.com.apple.provenance'
tar: Ignoring unknown extended header keyword 'LIBARCHIVE.xattr.com.apple.provenance'
tar: Ignoring unknown extended header keyword 'LIBARCHIVE.xattr.com.apple.provenance'
tar: Ignoring unknown extended header keyword 'LIBARCHIVE.xattr.com.apple.provenance'
tar: Ignoring unknown extended header keyword 'LIBARCHIVE.xattr.com.apple.provenance'
tar: Ignoring unknown extended header keyword 'LIBARCHIVE.xattr.com.apple.provenance'
tar: Ignoring unknown extended header keyword 'LIBARCHIVE.xattr.com.apple.provenance'
tar: Ignoring unknown extended header keyword 'LIBARCHIVE.xattr.com.apple.provenance'
tar: Ignoring unknown extended header keyword 'LIBARCHIVE.xattr.com.apple.provenance'
tar: Ignoring unknown extended header keyword 'LIBARCHIVE.xattr.com.apple.provenance'
tar: Ignoring unknown extended header keyword 'LIBARCHIVE.xattr.com.apple.provenance'
tar: Ignoring unknown extended header keyword 'LIBARCHIVE.xattr.com.apple.provenance'
tar: Ignoring unknown extended header keyword 'LIBARCHIVE.xattr.com.apple.provenance'
tar: Ignoring unknown extended header keyword 'LIBARCHIVE.xattr.com.apple.provenance'
tar: Ignoring unknown extended header keyword 'LIBARCHIVE.xattr.com.apple.provenance'
tar: Ignoring unknown extended header keyword 'LIBARCHIVE.xattr.com.apple.provenance'
tar: Ignoring unknown extended header keyword 'LIBARCHIVE.xattr.com.apple.provenance'
tar: Ignoring unknown extended header keyword 'LIBARCHIVE.xattr.com.apple.provenance'
tar: Ignoring unknown extended header keyword 'LIBARCHIVE.xattr.com.apple.provenance'
tar: Ignoring unknown extended header keyword 'LIBARCHIVE.xattr.com.apple.provenance'
tar: Ignoring unknown extended header keyword 'LIBARCHIVE.xattr.com.apple.provenance'
tar: Ignoring unknown extended header keyword 'LIBARCHIVE.xattr.com.apple.provenance'
tar: Ignoring unknown extended header keyword 'LIBARCHIVE.xattr.com.apple.provenance'
tar: Ignoring unknown extended header keyword 'LIBARCHIVE.xattr.com.apple.provenance'
tar: Ignoring unknown extended header keyword 'LIBARCHIVE.xattr.com.apple.provenance'
tar: Ignoring unknown extended header keyword 'LIBARCHIVE.xattr.com.apple.provenance'
tar: Ignoring unknown extended header keyword 'LIBARCHIVE.xattr.com.apple.provenance'
tar: Ignoring unknown extended header keyword 'LIBARCHIVE.xattr.com.apple.provenance'
tar: Ignoring unknown extended header keyword 'LIBARCHIVE.xattr.com.apple.provenance'
tar: Ignoring unknown extended header keyword 'LIBARCHIVE.xattr.com.apple.provenance'
tar: Ignoring unknown extended header keyword 'LIBARCHIVE.xattr.com.apple.provenance'
tar: Ignoring unknown extended header keyword 'LIBARCHIVE.xattr.com.apple.provenance'
tar: Ignoring unknown extended header keyword 'LIBARCHIVE.xattr.com.apple.provenance'
tar: Ignoring unknown extended header keyword 'LIBARCHIVE.xattr.com.apple.provenance'
tar: Ignoring unknown extended header keyword 'LIBARCHIVE.xattr.com.apple.provenance'
tar: Ignoring unknown extended header keyword 'LIBARCHIVE.xattr.com.apple.provenance'
tar: Ignoring unknown extended header keyword 'LIBARCHIVE.xattr.com.apple.provenance'
tar: Ignoring unknown extended header keyword 'LIBARCHIVE.xattr.com.apple.provenance'
tar: Ignoring unknown extended header keyword 'LIBARCHIVE.xattr.com.apple.provenance'
tar: Ignoring unknown extended header keyword 'LIBARCHIVE.xattr.com.apple.provenance'
tar: Ignoring unknown extended header keyword 'LIBARCHIVE.xattr.com.apple.provenance'
tar: Ignoring unknown extended header keyword 'LIBARCHIVE.xattr.com.apple.provenance'
tar: Ignoring unknown extended header keyword 'LIBARCHIVE.xattr.com.apple.provenance'
tar: Ignoring unknown extended header keyword 'LIBARCHIVE.xattr.com.apple.provenance'
tar: Ignoring unknown extended header keyword 'LIBARCHIVE.xattr.com.apple.provenance'
tar: Ignoring unknown extended header keyword 'LIBARCHIVE.xattr.com.apple.provenance'
tar: Ignoring unknown extended header keyword 'LIBARCHIVE.xattr.com.apple.provenance'
tar: Ignoring unknown extended header keyword 'LIBARCHIVE.xattr.com.apple.provenance'
tar: Ignoring unknown extended header keyword 'LIBARCHIVE.xattr.com.apple.provenance'
tar: Ignoring unknown extended header keyword 'LIBARCHIVE.xattr.com.apple.provenance'
tar: Ignoring unknown extended header keyword 'LIBARCHIVE.xattr.com.apple.provenance'
tar: Ignoring unknown extended header keyword 'LIBARCHIVE.xattr.com.apple.provenance'
tar: Ignoring unknown extended header keyword 'LIBARCHIVE.xattr.com.apple.provenance'
tar: Ignoring unknown extended header keyword 'LIBARCHIVE.xattr.com.apple.provenance'
tar: Ignoring unknown extended header keyword 'LIBARCHIVE.xattr.com.apple.provenance'
tar: Ignoring unknown extended header keyword 'LIBARCHIVE.xattr.com.apple.provenance'
tar: Ignoring unknown extended header keyword 'LIBARCHIVE.xattr.com.apple.provenance'
tar: Ignoring unknown extended header keyword 'LIBARCHIVE.xattr.com.apple.provenance'
tar: Ignoring unknown extended header keyword 'LIBARCHIVE.xattr.com.apple.provenance'
tar: Ignoring unknown extended header keyword 'LIBARCHIVE.xattr.com.apple.provenance'
tar: Ignoring unknown extended header keyword 'LIBARCHIVE.xattr.com.apple.provenance'
tar: Ignoring unknown extended header keyword 'LIBARCHIVE.xattr.com.apple.provenance'
tar: Ignoring unknown extended header keyword 'LIBARCHIVE.xattr.com.apple.provenance'
tar: Ignoring unknown extended header keyword 'LIBARCHIVE.xattr.com.apple.provenance'
tar: Ignoring unknown extended header keyword 'LIBARCHIVE.xattr.com.apple.provenance'
tar: Ignoring unknown extended header keyword 'LIBARCHIVE.xattr.com.apple.provenance'
tar: Ignoring unknown extended header keyword 'LIBARCHIVE.xattr.com.apple.provenance'
tar: Ignoring unknown extended header keyword 'LIBARCHIVE.xattr.com.apple.provenance'
tar: Ignoring unknown extended header keyword 'LIBARCHIVE.xattr.com.apple.provenance'
tar: Ignoring unknown extended header keyword 'LIBARCHIVE.xattr.com.apple.provenance'
tar: Ignoring unknown extended header keyword 'LIBARCHIVE.xattr.com.apple.provenance'
tar: Ignoring unknown extended header keyword 'LIBARCHIVE.xattr.com.apple.provenance'
tar: Ignoring unknown extended header keyword 'LIBARCHIVE.xattr.com.apple.provenance'
tar: Ignoring unknown extended header keyword 'LIBARCHIVE.xattr.com.apple.provenance'
tar: Ignoring unknown extended header keyword 'LIBARCHIVE.xattr.com.apple.provenance'
🔄 Đang nạp lại cấu hình hệ thống (daemon-reload)...
🚀 Đang khởi động lại dịch vụ landpage.service...
📊 Đợi hệ thống ổn định và kiểm tra trạng thái...
✅ Kết quả: Dịch vụ đang hoạt động ONLINE (Running)!
STATUS_OK
--------------------------------------------------------
[sudo] password for landpage: 
sudo: a password is required
Connection to 103.82.192.189 closed.
--------------------------------------------------------
🎉 [23:13:12] HOÀN TẤT: Quy trình deploy thành công ổn định!
